framework,dataset,featurization,smoothing_factor,distance_threshold,kappa,kappa-lb,kappa-ub,accuracy,accuracy-lb,accuracy-ub,recall,recall-lb,recall-ub,specificity,specificity-lb,specificity-ub,kappa_val,train_time,pred_time,pred_time_normalized,pred_time_small_compounds_normalized,pred_time_large_compounds_normalized,pred_time_representative-2500_normalized,pred_time_representative-5000_normalized,pred_time_representative-10000_normalized,pred_time_representative-20000_normalized,details,pred_time_small_compounds,pred_time_large_compounds,pred_time_representative-2500,pred_time_representative-5000,pred_time_representative-10000,pred_time_representative-20000,search_time,train_time_normalized
vnn,bbb,morgan_fp,0.2399999999999999,1.0,0.2356115107913668,-0.0049869528071037,0.4607912845969127,0.6323529411764706,0.5147058823529411,0.7352941176470589,0.7631578947368421,0.6097560975609756,0.8857142857142857,0.4666666666666667,0.2903225806451613,0.6508792127613363,0.6604955590558846,8.232258629053831,0.0025745360180735,3.7860823795199394e-05,3.020892980275676e-05,3.080990840680897e-05,3.842540879268199e-05,2.8024440596345813e-05,2.8457477100891992e-05,3.240092855121475e-05,,,,,,,,,0.03048984677427345
vnn,herg,morgan_fp,0.2999999999999999,1.0,0.5835393853761921,0.4383806464759582,0.7105589837253947,0.7938931297709924,0.7175572519083969,0.8625954198473282,0.6666666666666666,0.5428571428571428,0.7758620689655172,0.9117647058823528,0.8235294117647058,0.9666666666666668,0.678396294234545,9.041683106916024,0.0072850419674068,5.561100738478526e-05,3.5253474407363683e-05,4.529896359890699e-05,4.548728959634901e-05,4.176008759532124e-05,4.69911276944913e-05,4.933299809927121e-05,,,,,,,,,0.017222253536982902
vnn,pgp_substrates,morgan_fp,0.2599999999999999,1.0,0.4074074074074074,0.2616226071103007,0.5415301771140291,0.7037037037037037,0.6296296296296297,0.7716049382716049,0.8024691358024691,0.7023809523809523,0.88,0.6049382716049383,0.4939759036144578,0.7093023255813954,0.3714880357922904,9.819499354925938,0.0093194369692355,5.752738869898481e-05,4.5249656401574615e-05,5.972733999369666e-05,5.1290764403529466e-05,5.427998900413513e-05,5.8271397097269073e-05,5.821161854837555e-05,,,,,,,,,0.015106922084501442
vnn,dili,morgan_fp,0.2899999999999999,1.0,0.3068105373624303,0.1932459761111788,0.4177114554591171,0.6642599277978339,0.6064981949458483,0.7184115523465704,0.7960526315789473,0.723949735359287,0.8543046357615894,0.504,0.4160583941605839,0.5939849624060151,0.3410440193554808,19.82640062400605,0.0218736509559676,7.89662489385112e-05,7.351093959296122e-05,9.034409379819408e-05,7.661090798210353e-05,8.19398578023538e-05,8.082321179681458e-05,8.500404035148676e-05,,,,,,,,,0.017861622183789234
vnn,pgp_inhibitors,morgan_fp,0.11,1.0,0.4474535539328959,0.3596700147131615,0.5316395862678244,0.7377049180327869,0.6955503512880562,0.7775175644028103,0.8247011952191236,0.772170955372761,0.8677685950413223,0.6136363636363636,0.5421686746987951,0.6831325206440084,0.5912687452973343,32.9710093990434,0.0491130630252882,0.0001150188829632,9.08527511986904e-05,0.0001230066417949,0.0001113998752087,0.0001122716131969,0.0001180718073039,0.0001244904215505,,,,,,,,,0.019292574253389937
vnn,hlm,morgan_fp,0.1899999999999999,1.0,0.4321522644234854,0.3590357707324483,0.5047533832904596,0.734959349593496,0.6991869918699187,0.7691056910569106,0.5967078189300411,0.5330739299610895,0.6582862406650222,0.8252688172043011,0.7841689707772291,0.8617021276595744,0.5246693600395189,72.7304205649998,0.1043337369919754,0.0001696483528324,0.0001343158902018,0.0001846952341962,0.0001771574804093,0.0001679406016017,0.0001771064104046,0.0001785345176496,,,,,,,,,0.02954119438058481
vnn,cytotox,morgan_fp,0.1899999999999999,1.0,0.4062172182672827,0.3509510504497287,0.460720424443071,0.7323704333050127,0.7060322854715378,0.7570093457943925,0.5956416464891041,0.5477855477855478,0.6421568627450981,0.806282722513089,0.7770431745178414,0.8333333333333334,0.5912516373233614,229.3329594950192,0.396942351013422,0.0003372492362051,0.0002679797771968,0.000355981383007,0.0003252289199968,0.0003215572310029,0.0003196975347003,0.0003205117344507,,,,,,,,,0.04873203559180178
vnn,mmp,morgan_fp,0.2199999999999999,1.0,0.3463799005360718,0.2830366954103995,0.4119664559028271,0.8160535117056856,0.7934782608695652,0.8369565217391305,0.3113553113553113,0.2598853634304856,0.3697048683496757,0.9653304442036836,0.9521739130434784,0.9759825327510916,0.4630133334063127,236.00744586100336,0.3380403710179962,0.0002826424506839,0.0002618262928095,0.0003310832057963,0.0003100756647996,0.0003067138915997,0.0003049527684983,0.0003066231080505,,,,,,,,,0.049353292735467034
vnn,ames,morgan_fp,0.2599999999999999,1.0,0.4851566025410762,0.4354841296270015,0.5320131107026008,0.7598455598455598,0.7359073359073359,0.7826696264496875,0.8547557840616966,0.8290286974126323,0.8783618600871158,0.6170212765957447,0.5738433597234485,0.6578674792888829,0.5710349823044362,275.6043679260183,0.3859601970179938,0.000298038762176,0.0002776543040061,0.0003604293918004,0.0003205840704031,0.0003413037623977,0.000337475314195,0.0003382881541008,,,,,,,,,0.053184941707066447
vnn,cyp1a2,morgan_fp,0.1999999999999999,1.0,0.4794643191375201,0.4200605952639561,0.5363718893866583,0.8414886285320469,0.8221915920055134,0.8594073053066851,0.5217391304347826,0.4651286452735987,0.577639751552795,0.9244791666666666,0.9079710959027876,0.938566552901024,0.5859861035855445,346.34825055708643,0.6056917349924333,0.0004174305547845,0.0003220690754009,0.0004239340577973,0.000373383978405,0.0003887178999953,0.0003912464304012,0.0003897141920489,,,,,,,,,0.05967406108840221
vnn,cyp2d6,morgan_fp,0.2099999999999999,1.0,0.4639282814785617,0.3988981758645174,0.5235377536122031,0.8637288135593221,0.8454237288135593,0.8806779661016949,0.4486692015209125,0.3904431001833049,0.5098887704071068,0.9537953795379538,0.9405297340374394,0.9647553176870276,0.4706682160224991,354.22804211999755,0.6367700099945068,0.0004317084813522,0.0003315155240008,0.0004383679753984,0.0004217743471963,0.0004012403786065,0.0003976864940021,0.0003982294870511,,,,,,,,,0.060038651206779245
vnn,cyp2c9,morgan_fp,0.1799999999999999,1.0,0.4030893102682474,0.3304538501407322,0.4774769956777228,0.8909329829172142,0.8745072273324573,0.9053876478318004,0.3837837837837838,0.3163841807909605,0.4601315857802282,0.9611069558713538,0.9497645696622096,0.9708083832335328,0.4385561661832998,373.95719706406817,0.6223318980191834,0.0004088908659784,0.0003409293974051,0.0004503566398052,0.000431747152796,0.0004129522675997,0.0004110253787017,0.0004109224532003,,,,,,,,,0.06141520726951358
vnn,cyp2c19,morgan_fp,0.2199999999999999,1.0,0.3992294170913157,0.3415936820953385,0.4589333442179013,0.8283485045513654,0.8088426527958388,0.846553966189857,0.4171974522292994,0.3630580132271395,0.4716104534209344,0.9338235294117648,0.9188304693545616,0.9469820554649266,0.468734307371346,382.6686569619924,0.6991867360193282,0.0004546077607407,0.0003442819599993,0.0004544473274028,0.0004240169652039,0.0004149746143957,0.000415396077698,0.0004149620406504,,,,,,,,,0.06222254584747844
vnn,cyp3a4,morgan_fp,0.2399999999999999,1.0,0.5476118316905558,0.5002204537180649,0.5889366949379742,0.8344827586206897,0.8175066312997348,0.8509283819628647,0.5540796963946869,0.5113456582768667,0.5955073512875391,0.9432989690721648,0.9299201037457602,0.9546452084857352,0.5971037716431988,577.299456803943,1.0193679399671964,0.0005407787479932,0.0004183872289955,0.000543763384805,0.0005097661399981,0.0005012064588023,0.0005002345934975,0.0004988108304998,,,,,,,,,0.07654461108511576
autoadmet,bbb,mordred_desc,,,0.5160142348754448,0.2941176470588235,0.7040905134899913,0.7647058823529411,0.6617647058823529,0.8529411764705882,0.8421052631578947,0.6944444444444444,0.9411764705882352,0.6666666666666666,0.4814814814814814,0.8214285714285714,0.843,2663.590686617012,0.002706485800445,3.980126177125117e-05,1.667699422687292e-05,1.421535238623619e-05,1.88670651987195e-05,1.906642764806748e-05,2.052304320968688e-05,1.9236051756888628e-05,Mordred-LightGBM,0.0833849711343646,0.0710767619311809,0.0471676629967987,0.0953321382403373,0.2052304320968687,0.3847210351377725,,9.865150691174119
autoadmet,bbb,ensemble,,,0.4839285714285714,0.2608695652173913,0.6807511737089201,0.75,0.6323529411764706,0.8382352941176471,0.8421052631578947,0.696969696969697,0.9375,0.6333333333333333,0.4444444444444444,0.7931034482758621,0.8626885912866588,2678.399448955024,0.1279596649110317,0.0018817597781034,7.898599719628692e-05,7.764871381223202e-05,0.000122667010501,8.986012060195207e-05,7.599269170314074e-05,6.846343795768917e-05,"Ensemble: Mordred-LightGBM, Mordred-XGBoost, Morgan-LightGBM, Morgan-XGBoost, Mordred-RandomForest",0.3949299859814346,0.3882435690611601,0.3066675262525677,0.4493006030097604,0.7599269170314074,1.369268759153783,,9.919997959092681
autoadmet,herg,mordred_desc,,,0.7086503570174412,0.5721919777130875,0.8166122258516099,0.8549618320610687,0.7862595419847328,0.9083969465648856,0.8095238095238095,0.6935483870967742,0.8939393939393939,0.8970588235294118,0.8027179707685471,0.9545454545454546,0.72,3490.8733279409357,0.002109725959599,1.6104778317549757e-05,5.262195225805044e-06,3.600312955677509e-06,8.135292865335941e-06,6.285659037530422e-06,3.4153730142861604e-06,3.1387133290991186e-06,Mordred-XGBoost,0.0263109761290252,0.0180015647783875,0.0203382321633398,0.0314282951876521,0.0341537301428616,0.0627742665819823,,6.649282529411306
autoadmet,herg,ensemble,,,0.5845177963115236,0.4367228355607204,0.7154411572807551,0.7938931297709924,0.7175572519083969,0.8549618320610687,0.6984126984126984,0.5757575757575758,0.8032786885245902,0.8823529411764706,0.7846153846153846,0.945945945945946,0.6928774928774929,3532.832788495114,0.1727152708917856,0.00131843718238,9.120182823389768e-05,9.738261541351676e-05,0.0001382694384083,0.0001073027775622,8.940300163812935e-05,7.86503083538264e-05,"Ensemble: Mordred-XGBoost, Mordred-LightGBM, Mordred-RandomForest, Morgan-Bayesian, Morgan-LogisticRegression",0.4560091411694884,0.4869130770675838,0.3456735960207879,0.5365138878114522,0.8940300163812935,1.573006167076528,,6.729205311419265
autoadmet,pgp_substrates,mordred_desc,,,0.5925925925925926,0.4567901234567901,0.7035681610247027,0.7962962962962963,0.7283950617283951,0.8518518518518519,0.8395061728395061,0.7439024390243902,0.9080459770114944,0.7530864197530864,0.6506024096385542,0.8387096774193549,0.452,4149.607938630972,0.001801982987672,1.1123351775753646e-05,3.543180972337723e-06,2.902234997600317e-06,1.3810238800942896e-05,2.912128437310457e-06,2.3568189237266778e-06,2.134677697904408e-06,Mordred-XGBoost,0.0177159048616886,0.0145111749880015,0.0345255970023572,0.0145606421865522,0.0235681892372667,0.0426935539580881,,6.384012213278418
autoadmet,pgp_substrates,ensemble,,,0.5802469135802469,0.4449520328917313,0.7000462891529085,0.7901234567901234,0.7222222222222222,0.845679012345679,0.8024691358024691,0.7012153391310584,0.8791208791208791,0.7777777777777778,0.6790123456790124,0.8607594936708861,0.4296352511502158,4221.234728584066,0.1789743807166814,0.0011047801278807,7.291087023913861e-05,8.456056863069535e-05,0.000138414325565,9.052478671073912e-05,7.569610169157386e-05,6.563885344658047e-05,"Ensemble: Mordred-XGBoost, Mordred-RandomForest, Mordred-LightGBM, Mordred-LogisticRegression, Morgan-LogisticRegression",0.364554351195693,0.4228028431534767,0.3460358139127493,0.4526239335536957,0.7569610169157386,1.3127770689316094,,6.494207274744717
autoadmet,dili,mordred_desc,,,0.3884559116903844,0.2784231324955694,0.4964494099859565,0.7003610108303249,0.6462093862815884,0.7545126353790613,0.7763157894736842,0.7057474079606462,0.8385093167701864,0.608,0.5206611570247934,0.692866193410452,0.389,5220.912351457053,0.1681449823081493,0.0006070215967803,5.318873720243573e-05,6.031253421679139e-05,0.000120274631679,7.45925479568541e-05,6.280567129142583e-05,5.5265042395330966e-05,Mordred-XGBoost,0.2659436860121786,0.3015626710839569,0.3006865791976452,0.3729627397842705,0.6280567129142582,1.1053008479066193,,4.7035246409523
autoadmet,dili,ensemble,,,0.4040479162793169,0.291806622737827,0.5102190588871623,0.7075812274368231,0.6534296028880866,0.7581227436823105,0.7763157894736842,0.7031800069539317,0.8366013071895425,0.624,0.5378151260504201,0.7073170731707317,0.3839646929018021,5363.674170841114,0.2464390685781836,0.000889671727719,0.0001335571691393,0.0001512007985264,0.0002159911520779,0.0001574158161878,0.0001414681776892,0.0001319483991945,"Ensemble: Mordred-XGBoost, Mordred-RandomForest, Mordred-LightGBM, Mordred-LogisticRegression, Mordred-KNN",0.6677858456969261,0.7560039926320314,0.5399778801947832,0.7870790809392929,1.4146817768923938,2.638967983890325,,4.832138892649652
autoadmet,pgp_inhibitors,mordred_desc,,,0.7003577714634118,0.6280179925456865,0.7650484402963923,0.8571428571428571,0.8220140515222483,0.8875878220140515,0.9163346613545816,0.8764940239043825,0.9458333333333332,0.7727272727272727,0.7073170731707317,0.8304093567251462,0.74,6027.818107497995,0.0572161870077252,0.0001339957541164,8.245475217700004e-06,8.52665137499571e-06,1.6837165877223014e-05,9.274529851973055e-06,8.171815006062389e-06,7.861269568093121e-06,Mordred-XGBoost,0.0412273760885,0.0426332568749785,0.0420929146930575,0.0463726492598652,0.0817181500606238,0.1572253913618624,,3.5271024619648887
autoadmet,pgp_inhibitors,ensemble,,,0.7349716098480494,0.6665660507618796,0.796996841971799,0.8735362997658079,0.8384074941451991,0.9016393442622952,0.9282868525896414,0.8906882591093117,0.9561752988047808,0.7954545454545454,0.7283321931083105,0.8488372093023255,0.7513483167598666,6123.762794548762,0.180173902772367,0.0004219529338931,7.01627635397017e-05,8.841096023097635e-05,0.0001290035335347,8.970238482579589e-05,8.583741215988994e-05,7.284785588271916e-05,"Ensemble: Mordred-XGBoost, Mordred-LightGBM, Mordred-RandomForest, Mordred-LogisticRegression, Morgan-LogisticRegression",0.3508138176985085,0.4420548011548817,0.3225088338367641,0.4485119241289794,0.8583741215988994,1.4569571176543832,,3.5832432969858177
autoadmet,hlm,morgan_fp,,,0.3972350705847963,0.3244327342569363,0.4706697859804176,0.7219512195121951,0.6861788617886179,0.7560975609756098,0.5473251028806584,0.484304932735426,0.6092664511836015,0.8360215053763441,0.7961048272722412,0.8704381325608218,0.539,8567.43611701706,0.0092212227173149,1.4993858076934892e-05,1.2477675545960664e-05,1.2460870761424302e-05,1.2875601276755332e-05,1.2469604425132276e-05,1.211926070973277e-05,1.1961680953390896e-05,Morgan-XGBoost,0.0623883777298033,0.0623043538071215,0.0321890031918883,0.0623480221256613,0.1211926070973277,0.2392336190678179,,3.4798684472043298
autoadmet,hlm,ensemble,,,0.4748444661310841,0.4028381782025482,0.545556482431763,0.7609756097560976,0.7268292682926829,0.7934959349593496,0.5596707818930041,0.4979423868312757,0.6209677419354839,0.8924731182795699,0.8575129533678757,0.9209860051378006,0.5463901722538181,8882.87582982413,0.2365740011446178,0.0003846731725928,0.0002298248309642,0.0002360280433669,0.0002913763124495,0.00024446790535,0.0002381146841216,0.0002272626405581,"Ensemble: Morgan-XGBoost, Morgan-LightGBM, Morgan-RandomForest, Mordred-XGBoost, Mordred-LightGBM",1.1491241548210382,1.1801402168348432,0.7284407811239362,1.2223395267501471,2.3811468412168324,4.545252811163664,,3.607991807402165
autoadmet,cytotox,morgan_fp,,,0.4394498187730711,0.3845420833429466,0.4927548826625131,0.7578589634664401,0.7332200509770603,0.7822859468955081,0.5423728813559322,0.4938368964999147,0.5911214953271028,0.8743455497382199,0.8488063660477454,0.8962400041759743,0.584,12242.671937379986,0.0384691068902611,3.268403304185316e-05,2.1145023591816423e-05,2.449202602729201e-05,2.5038669444620608e-05,2.549453498795629e-05,2.412129328586161e-05,2.7440662146545945e-05,Morgan-LightGBM,0.1057251179590821,0.12246013013646,0.0625966736115515,0.1274726749397814,0.2412129328586161,0.5488132429309189,,2.601502749124519
autoadmet,cytotox,ensemble,,,0.3958812705351624,0.3392427598189561,0.4511095173661285,0.7502124044180118,0.7247238742565846,0.7748513169073916,0.4430992736077482,0.3942945964931394,0.4908396883058484,0.9162303664921466,0.8941798941798942,0.9339378238341968,0.6103342404381119,12560.367330854291,0.3515604739077389,0.0002986919914254,0.0002781819617375,0.0003023245849646,0.000322438048385,0.000307667966932,0.0002974236591719,0.0002959785562008,"Ensemble: Morgan-LightGBM, Morgan-XGBoost, Mordred-LightGBM, Mordred-XGBoost, Morgan-KNN",1.3909098086878655,1.511622924823314,0.8060951209627092,1.5383398346602917,2.974236591719091,5.919571124017239,,2.669011332523224
autoadmet,mmp,mordred_desc,,,0.5989215854987666,0.5403416466002825,0.6545104398518502,0.8729096989966555,0.8528428093645485,0.8904682274247492,0.5787545787545788,0.520711403931332,0.6363636363636364,0.9599133261105092,0.9452665601895016,0.9711471039946494,0.631,10428.851337072903,0.0679038111120462,5.6775761799369766e-05,5.177161758765578e-05,5.111247804015875e-05,5.439469516277313e-05,5.46927415765822e-05,5.49099026247859e-05,5.28321566991508e-05,Mordred-LightGBM,0.2588580879382789,0.2555623902007937,0.1359867379069328,0.2734637078829109,0.549099026247859,1.056643133983016,,2.1808555702787333
autoadmet,mmp,ensemble,,,0.5868582686290416,0.5261556188988434,0.6422782736937002,0.8704013377926422,0.8503344481605352,0.8879598662207357,0.5604395604395604,0.5,0.6178642293580356,0.962080173347779,0.9485094069810251,0.972914409534128,0.6321783495468281,10651.730101387016,0.3843199866823852,0.000321337781507,0.0001689921933226,0.0001829095107503,0.0002308223759755,0.0001900338999927,0.0001829607532825,0.0001634091467829,"Ensemble: Mordred-LightGBM, Mordred-RandomForest, Mordred-XGBoost, Morgan-LightGBM, Morgan-XGBoost",0.8449609666131437,0.9145475537516176,0.577055939938873,0.950169499963522,1.829607532825321,3.2681829356588423,,2.2274634256350936
autoadmet,ames,mordred_desc,,,0.5440376617972575,0.4970012133583195,0.5889346249984646,0.7791505791505792,0.7552123552123552,0.8015444015444015,0.7969151670951157,0.7679045092838196,0.8249027237354085,0.7524177949709865,0.712338965250676,0.7877629063097514,0.628,13010.654877060037,0.0687179346568882,5.306404220609131e-05,4.831314263865352e-05,4.331111339852214e-05,4.829535186290741e-05,4.931932259351015e-05,4.810393280349672e-05,4.8748102854006e-05,Mordred-LightGBM,0.2415657131932675,0.2165555669926107,0.1207383796572685,0.2465966129675507,0.4810393280349672,0.9749620570801198,,2.5107400380277958
autoadmet,ames,ensemble,,,0.5486763890184221,0.5008656296018434,0.5929572408360715,0.7806949806949807,0.7567567567567568,0.803088803088803,0.7917737789203085,0.762620880415326,0.8201316463436015,0.7640232108317214,0.725216176757689,0.8,0.6509909884913856,13364.109224610438,0.2867579809390008,0.0002214347343158,0.0001353858605958,0.0001267123065888,0.0001871364552527,0.000167495791614,0.0001562134818639,0.0001401370416628,"Ensemble: Mordred-LightGBM, Mordred-XGBoost, Mordred-RandomForest, Morgan-XGBoost, Morgan-LightGBM",0.6769293029792607,0.6335615329444408,0.4678411381319165,0.8374789580702782,1.5621348186396062,2.8027408332563937,,2.578948132885071
autoadmet,cyp1a2,mordred_desc,,,0.5971506469846894,0.5421827689416582,0.648104771711443,0.8773259820813232,0.8594073053066851,0.8931771192281185,0.6086956521739131,0.5521885521885522,0.6629579811833554,0.9470486111111112,0.9329825873565848,0.9587274290627688,0.647,11797.487284150033,0.0231507089920341,1.5955002751229632e-05,1.3382937852293254e-05,1.4927985984832047e-05,1.5044876374304296e-05,1.5512408223003147e-05,1.5116865281015635e-05,1.5567247266881167e-05,Mordred-LightGBM,0.0669146892614662,0.0746399299241602,0.0376121909357607,0.0775620411150157,0.1511686528101563,0.3113449453376233,,2.032647705746043
autoadmet,cyp1a2,ensemble,,,0.6082880814224098,0.5552478594152098,0.6594705962008022,0.8800827015851137,0.8621640248104755,0.895933838731909,0.6220735785953178,0.5648574764830481,0.6761116451853455,0.9470486111111112,0.9326909445398032,0.9588197447302048,0.6531086722165392,12067.10864221683,0.3294391622766852,0.0002270428409901,0.0001140966837294,0.0001239735626615,0.0001763576064258,0.0001458128787577,0.0001272921768948,0.0001196625943994,"Ensemble: Mordred-LightGBM, Mordred-XGBoost, Morgan-XGBoost, Morgan-LightGBM, Mordred-RandomForest",0.5704834186471999,0.619867813307792,0.4408940160647034,0.7290643937885761,1.2729217689484358,2.393251887988299,,2.079102109272369
autoadmet,cyp2d6,mordred_desc,,,0.5618280085094965,0.5049773127154328,0.6175771613331315,0.8738983050847458,0.8568396621446883,0.8907539681020445,0.623574144486692,0.5639097744360902,0.6811594202898551,0.9282178217821784,0.9120788824979458,0.9414157851912124,0.53,13425.616155008029,0.279608734883368,0.0001895652439887,6.150360237807035e-05,6.798179959878326e-05,0.0001374187923967,9.214995224028826e-05,9.009098429232836e-05,7.323590954765677e-05,Mordred-RandomForest,0.3075180118903518,0.3399089979939163,0.3435469809919595,0.4607497612014413,0.9009098429232836,1.4647181909531355,,2.2755281618657675
autoadmet,cyp2d6,ensemble,,,0.5953835510323089,0.5372892663516803,0.6499169014485275,0.8922033898305085,0.8752542372881356,0.9077966101694916,0.5817490494296578,0.5186317203685599,0.6387832699619772,0.9595709570957096,0.946843853820598,0.969626495565373,0.5611170276833692,13770.02991673228,0.4231730159372091,0.0002868969599574,0.0001410205934196,0.0001522531554102,0.0002317173946648,0.0001935422888025,0.0001658622169867,0.0001504540537949,"Ensemble: Mordred-RandomForest, Mordred-LightGBM, Morgan-RandomForest, Mordred-XGBoost, Morgan-LightGBM",0.7051029670983553,0.7612657770514488,0.579293486662209,0.9677114440128208,1.658622169867158,3.009081075899303,,2.3339033757173353
autoadmet,cyp2c9,morgan_fp,,,0.449806127323352,0.3788781728601351,0.5172736824771885,0.8896189224704336,0.8725361366622865,0.90473061760841,0.4756756756756757,0.4051282051282051,0.5468190895524897,0.9468960359012716,0.9337822696563222,0.9580256704529676,0.482,12657.91944869398,0.3527405126951635,0.0002317611778549,0.0001930603969842,0.0001812908481806,0.0002396110279485,0.0002029979430139,0.0001953763630241,0.0001790780784562,Morgan-RandomForest,0.9653019849210978,0.9064542409032584,0.5990275698713958,1.0149897150695324,1.953763630241156,3.58156156912446,,2.078817449284608
autoadmet,cyp2c9,ensemble,,,0.4439910883804212,0.367732670942621,0.5178512153427373,0.9067017082785808,0.8915900131406045,0.9211563731931668,0.3675675675675676,0.299490427438526,0.4375,0.981301421091997,0.9726978427925896,0.9873887240356084,0.4669725173648804,13032.040676269911,0.6417531510815024,0.0004216512162164,0.0002935845760628,0.0002970975541509,0.0004498129459097,0.0003191068819724,0.0003028895701281,0.0002801214496837,"Ensemble: Morgan-RandomForest, Mordred-RandomForest, Morgan-XGBoost, Morgan-LightGBM, Mordred-XGBoost",1.4679228803142903,1.485487770754844,1.1245323647744954,1.5955344098620117,3.0288957012817264,5.602428993675858,,2.1402595953801793
autoadmet,cyp2c19,mordred_desc,,,0.5033146801837413,0.4479630922210265,0.5547448862983725,0.8374512353706112,0.8185955786736021,0.8556566970091027,0.6114649681528662,0.5563464600781376,0.6643835616438356,0.8954248366013072,0.8771648551256603,0.9117408906882593,0.53,15580.10123097198,0.1160611347295343,7.546237628708347e-05,3.6260539013892414e-05,3.2915567979216576e-05,6.774115599691868e-05,3.482407880946994e-05,3.075237884186208e-05,2.576355179771781e-05,Mordred-RandomForest,0.181302695069462,0.1645778398960828,0.1693528899922967,0.1741203940473497,0.3075237884186208,0.5152710359543562,,2.5333497936539806
autoadmet,cyp2c19,ensemble,,,0.5087517567394915,0.4520956645891043,0.5644956528682546,0.8602080624187256,0.842002600780234,0.8771131339401821,0.4904458598726114,0.4367554482295791,0.5482866043613707,0.9550653594771242,0.9419005823279644,0.9657142857142856,0.5308491900268313,15923.35932216188,0.4905392709188163,0.0003189462099602,0.0002093500305898,0.0002363248477689,0.0003244052402675,0.0002432094618678,0.0002196110628079,0.0002023391504539,"Ensemble: Mordred-RandomForest, Mordred-LightGBM, Mordred-XGBoost, Morgan-RandomForest, Morgan-XGBoost",1.0467501529492438,1.181624238844961,0.811013100668788,1.2160473093390465,2.196110628079623,4.046783009078354,,2.589164117424696
autoadmet,cyp3a4,morgan_fp,,,0.6234340271509282,0.5810935553150836,0.6624970878360746,0.8567639257294429,0.8403183023872679,0.8721485411140584,0.6527514231499051,0.6115384615384616,0.6925354165293921,0.9359351988217968,0.922001471670346,0.9479472140762464,0.654,16352.477876140038,0.0220891791395843,1.1718397421530134e-05,1.1028129421174524e-05,1.1577383335679767e-05,1.145764086395502e-05,1.088384548202157e-05,1.0636421293020248e-05,1.0597383906133471e-05,Morgan-XGBoost,0.0551406471058726,0.0578869166783988,0.0286441021598875,0.0544192274101078,0.1063642129302024,0.2119476781226694,,2.16818852773005
autoadmet,cyp3a4,ensemble,,,0.633778189589467,0.5935713021395611,0.674467327470588,0.8620689655172413,0.8461538461538461,0.8774535809018568,0.6470588235294118,0.6053639846743295,0.6877108231602501,0.9455081001472754,0.9322156555714672,0.9565611295636652,0.6729755331538743,16822.01088129799,0.6745432890020311,0.0003578478986748,0.0002836885442025,0.0003072430586442,0.0003388016754761,0.000304280685354,0.0002991532714106,0.0002893900344148,"Ensemble: Morgan-XGBoost, Mordred-XGBoost, Mordred-LightGBM, Morgan-LightGBM, Morgan-RandomForest",1.4184427210129795,1.5362152932211757,0.8470041886903346,1.5214034267701209,2.9915327141061425,5.7878006882965565,,2.2304442961148223
autogluon,bbb,morgan_fp,,,0.3392226148409895,0.1101437086338515,0.5518453427065027,0.6764705882352942,0.5588235294117647,0.7794117647058824,0.7368421052631579,0.5757575757575758,0.8604651162790697,0.6,0.4074074074074074,0.7666666666666667,0.8862806761385972,,1.353791113011539,,,,,,,,,,,,,,,396.55166556406766,
autogluon,bbb,mordred_desc,,,0.4839285714285714,0.2608695652173912,0.679245283018868,0.75,0.6323529411764706,0.8382352941176471,0.8421052631578947,0.6982569796551236,0.9411764705882352,0.6333333333333333,0.4444444444444444,0.8,0.8862806761385972,,2.3166499040089548,,,,,,,,,,,,,,,91.69271417497656,
autogluon,herg,morgan_fp,,,0.6143883197927704,0.4723368940441541,0.7377840574590839,0.8091603053435115,0.732824427480916,0.8702290076335878,0.6825396825396826,0.56,0.7931034482758621,0.9264705882352942,0.8428571428571429,0.9726027397260274,0.6990438192199215,,3.888711402192712,,,,,,,,,,,,,,,476.6596000471618,
autogluon,herg,mordred_desc,,,0.5683690280065897,0.4155164618173909,0.6964078794901506,0.7862595419847328,0.7099236641221374,0.8473282442748091,0.6666666666666666,0.5409836065573771,0.7777777777777778,0.8970588235294118,0.8027163379453215,0.9553774912466918,0.7763503060469497,,0.9855511279311032,,,,,,,,,,,,,,,136.12609486305155,
autogluon,pgp_substrates,morgan_fp,,,0.5925925925925926,0.4610616064030408,0.7059694502671782,0.7962962962962963,0.7283950617283951,0.8518518518518519,0.7407407407407407,0.6352941176470588,0.8292682926829268,0.8518518518518519,0.7586206896551724,0.9156626506024096,0.4777142316963653,,4.299599748104811,,,,,,,,,,,,,,,516.8567507111002,
autogluon,pgp_substrates,mordred_desc,,,0.4691358024691358,0.3287292817679558,0.5990292010304371,0.7345679012345679,0.6604938271604939,0.7962962962962963,0.7777777777777778,0.6739125120467386,0.8588235294117647,0.691358024691358,0.5833333333333334,0.7866303542260764,0.5350765004026337,,5.135348981944844,,,,,,,,,,,,,,,148.80330258305185,
autogluon,dili,morgan_fp,,,0.3147759010506716,0.2026894902453053,0.4270988644826951,0.6642599277978339,0.6064981949458483,0.7184115523465704,0.743421052631579,0.6710715547396401,0.8074397127548155,0.568,0.4793388429752066,0.652542372881356,0.3893681255861582,,4.972642208915204,,,,,,,,,,,,,,,526.7492048160639,
autogluon,dili,mordred_desc,,,0.4014725104702964,0.2899367668188038,0.5080792857656176,0.7075812274368231,0.6498194945848376,0.7581227436823105,0.7960526315789473,0.7236842105263158,0.8543676391252734,0.6,0.5142857142857142,0.6846153846153846,0.4378146837521393,,1.043487638933584,,,,,,,,,,,,,,,174.71088773896918,
autogluon,pgp_inhibitors,morgan_fp,,,0.5301006637552562,0.4463465750259106,0.6089812159011784,0.7775175644028103,0.7353629976580797,0.8149882903981265,0.8645418326693227,0.8178349282600414,0.9029535864978904,0.6534090909090909,0.5817208439714469,0.7216491781467094,0.7102718708853464,,11.436361882137136,,,,,,,,,,,,,,,571.4979974601883,
autogluon,pgp_inhibitors,mordred_desc,,,0.7045050863878572,0.6311028473716591,0.7705692042115853,0.8594847775175644,0.8243559718969555,0.8899297423887588,0.9243027888446216,0.8862745098039215,0.9525547445255474,0.7670454545454546,0.7020615660812459,0.827027027027027,0.7692086809548653,,10.244966979138551,,,,,,,,,,,,,,,202.99375244695693,
autogluon,hlm,morgan_fp,,,0.4786386058340588,0.4045581288773797,0.5476325086062632,0.7577235772357723,0.7219512195121951,0.7902439024390244,0.6131687242798354,0.5497872871387874,0.6711716946143397,0.8521505376344086,0.8137288321163786,0.8856380822666916,0.5748392223168923,,9.896715783979744,,,,,,,,,,,,,,,611.2324297181331,
autogluon,hlm,mordred_desc,,,0.5406916999376695,0.4715084748212019,0.607013516206217,0.7837398373983739,0.751219512195122,0.816260162601626,0.6831275720164609,0.6224899598393574,0.7383966244725738,0.8494623655913979,0.810958904109589,0.8833333333333333,0.574343964788371,,4.084623404080048,,,,,,,,,,,,,,,310.7446908389684,
autogluon,cytotox,morgan_fp,,,0.4374701290425362,0.3826614145885325,0.4900773194157953,0.7578589634664401,0.7323704333050127,0.7816482582837723,0.5351089588377724,0.4849634550262726,0.5829193034404653,0.8782722513089005,0.8532131207054716,0.9,0.6270799567198618,,26.01457569678314,,,,,,,,,,,,,,,926.8785029179415,
autogluon,cytotox,mordred_desc,,,0.3351043142361876,0.2791098714636753,0.3906781219784317,0.7272727272727273,0.7017841971112999,0.7519116397621071,0.3946731234866828,0.347792985271286,0.4410213746457683,0.9070680628272252,0.8848159151748812,0.9258278145695364,0.6234960191171683,,5.082382935797796,,,,,,,,,,,,,,,511.3439342279453,
autogluon,mmp,morgan_fp,,,0.5339029466535217,0.4742880647578809,0.5932727490511969,0.8453177257525084,0.8244147157190636,0.8653846153846154,0.5787545787545788,0.5183823529411765,0.6364934763406007,0.924160346695558,0.9053763440860216,0.9396186440677966,0.5708840894662583,,14.962551139993591,,,,,,,,,,,,,,,750.7656801079866,
autogluon,mmp,mordred_desc,,,0.627831715210356,0.5744648591183082,0.6820806793234707,0.8704013377926422,0.8511705685618729,0.8896321070234113,0.6996336996336996,0.6418828143986977,0.7508938215702287,0.9209100758396532,0.9016558293088552,0.9368319734294892,0.6566763178588937,,12.39216631418094,,,,,,,,,,,,,,,298.4461228770669,
autogluon,ames,morgan_fp,,,0.5454858926062258,0.4996773499245066,0.5899316241313789,0.7799227799227799,0.7567567567567568,0.8015444015444015,0.7982005141388174,0.767868779958314,0.8253424813573088,0.7524177949709865,0.7137546468401487,0.7885646871957631,0.6462273970096611,,21.738872274989266,,,,,,,,,,,,,,,705.839155965019,
autogluon,ames,mordred_desc,,,0.560262990831738,0.5149097923032244,0.6050455879011517,0.7868725868725869,0.7637065637065638,0.8084942084942085,0.8020565552699229,0.7728818947119342,0.8285350758153915,0.7640232108317214,0.7251687482127231,0.7981400467819082,0.6640842667603986,,2.3241201310884207,,,,,,,,,,,,,,,350.239644037094,
autogluon,cyp1a2,morgan_fp,,,0.5756778209466517,0.5185893103754755,0.6289345904524538,0.8745692625775328,0.8566505858028945,0.8904203997243281,0.5652173913043478,0.5109602233980568,0.6215687888578622,0.9548611111111112,0.9419303619735664,0.9659982563208368,0.6673284553896073,,19.163409669185057,,,,,,,,,,,,,,,798.933470179094,
autogluon,cyp1a2,mordred_desc,,,0.6155762954349193,0.5636577128283253,0.6642695459461244,0.8725017229496899,0.8545830461750517,0.8890420399724328,0.7090301003344481,0.6562119715780503,0.7585034013605442,0.9149305555555556,0.8975675088341555,0.929687591383566,0.6572006613218188,,0.4366141441278159,,,,,,,,,,,,,,,375.56408715294674,
autogluon,cyp2d6,morgan_fp,,,0.5974047516719823,0.5440846920639827,0.6489498168164609,0.8772881355932204,0.8596610169491525,0.8935593220338983,0.7072243346007605,0.6481658665085016,0.7594094628492514,0.9141914191419142,0.8973727422003284,0.929225645295587,0.5487104473752882,,35.107705225935206,,,,,,,,,,,,,,,794.0241208281368,
autogluon,cyp2d6,mordred_desc,,,0.5728698512718343,0.5178350606441545,0.6232321039270932,0.864406779661017,0.8467796610169491,0.8813559322033898,0.7262357414448669,0.6693877551020408,0.7773263377756152,0.8943894389438944,0.876465548525648,0.9106303196157624,0.5490296995078977,,11.237958760932088,,,,,,,,,,,,,,,395.4437543610111,
autogluon,cyp2c9,morgan_fp,,,0.4795766611600209,0.4119558085897986,0.5484964739012311,0.8909329829172142,0.8751642575558476,0.9060446780551904,0.5297297297297298,0.4561356734787194,0.6,0.9409124906507106,0.927255590987829,0.9523149174257024,0.4902755171216103,,31.292981536127627,,,,,,,,,,,,,,,963.7183059728704,
autogluon,cyp2c9,mordred_desc,,,0.4749140956700538,0.4037263497752937,0.5460099059322103,0.9014454664914586,0.885676741130092,0.9159001314060446,0.4540540540540541,0.3833333333333333,0.5276952175448842,0.9633507853403142,0.9523090156426623,0.9724873266462108,0.424970851058512,,4.9594058219809085,,,,,,,,,,,,,,,391.5952972690575,
autogluon,cyp2c19,morgan_fp,,,0.46480565632004,0.4068184269847767,0.5211462069634512,0.840702210663199,0.8211963589076723,0.8582574772431729,0.4968152866242038,0.4400174339091589,0.5508738941697242,0.928921568627451,0.913143880177475,0.9424035771710638,0.5274332849568477,,20.287380828056484,,,,,,,,,,,,,,,810.4805436781608,
autogluon,cyp2c19,mordred_desc,,,0.5312303128770044,0.4784126878139647,0.5831410843097062,0.8446033810143043,0.8257477243172952,0.8621586475942783,0.6464968152866242,0.593167701863354,0.6980828789355378,0.8954248366013072,0.8766339869281046,0.911387248467128,0.5371240092195866,,4.970734523842111,,,,,,,,,,,,,,,451.1507826379966,
autogluon,cyp3a4,morgan_fp,,,0.6397516846881743,0.5990404930181106,0.679314468775504,0.8615384615384616,0.8461538461538461,0.8763925729442971,0.6774193548387096,0.6363636363636364,0.7164164930863008,0.9329896907216496,0.9184861717612808,0.9454679439941046,0.6799400389342765,,10.83016774104908,,,,,,,,,,,,,,,933.4172539080027,
autogluon,cyp3a4,mordred_desc,,,0.6251820338003509,0.5842408809891486,0.6641546951555707,0.8525198938992042,0.8360742705570292,0.8679045092838197,0.698292220113852,0.6584087948609016,0.7373540856031129,0.9123711340206184,0.8964757709251101,0.9264643696339556,0.6697937367381055,,2.093906184192747,,,,,,,,,,,,,,,488.0235926511232,
flaml,bbb,morgan_fp,,,0.3670212765957447,0.1290027447392497,0.5776761096136955,0.6911764705882353,0.5735294117647058,0.7941176470588235,0.7631578947368421,0.6111111111111112,0.8837209302325582,0.6,0.4137931034482758,0.7692307692307693,0.8053152904666171,,0.4996616609860211,,,,,,,,,,,,,,,4509.481083073188,
flaml,bbb,mordred_desc,,,0.5160142348754448,0.2976525821596243,0.7017543859649122,0.7647058823529411,0.6470588235294118,0.8529411764705882,0.8421052631578947,0.6944444444444444,0.9411764705882352,0.6666666666666666,0.4827586206896552,0.8214285714285714,0.8317585657921863,,0.2084047270473092,,,,,,,,,,,,,,,4507.269844963914,
flaml,dili,morgan_fp,,,0.2240076113959511,0.1074424781569858,0.3329474044671991,0.6173285198555957,0.5595667870036101,0.6714801444043321,0.6710526315789473,0.5923566878980892,0.7437142685987933,0.552,0.4651162790697674,0.6383164768928681,0.334724545328033,,0.7565592129249126,,,,,,,,,,,,,,,4563.496049572015,
flaml,dili,mordred_desc,,,0.3061267091117837,0.1870145509921072,0.4146097545895214,0.6534296028880866,0.592057761732852,0.7075812274368231,0.6447368421052632,0.5660008470321549,0.7172413793103448,0.664,0.5785123966942148,0.7419354838709677,0.3831910228432216,,0.239919853862375,,,,,,,,,,,,,,,4544.139275843976,
flaml,cytotox,morgan_fp,,,0.3371511023433127,0.2798956369729512,0.3942113447255994,0.7128292268479184,0.6864910790144435,0.7383177570093458,0.4842615012106537,0.4367541766109785,0.532865505539412,0.8363874345549738,0.8089591567852438,0.8617489640937183,0.6033531444525919,,1.2651952740270644,,,,,,,,,,,,,,,4674.619659842225,
flaml,cytotox,mordred_desc,,,0.2681312888514361,0.2189475798722108,0.3213561948095201,0.7153780798640612,0.6890399320305862,0.7408666100254885,0.2760290556900726,0.2335443309559846,0.3200572210855725,0.9528795811518324,0.935738592268043,0.9664059532962488,0.591903848444935,,0.4077166451606899,,,,,,,,,,,,,,,4704.298770685215,
flaml,ames,morgan_fp,,,0.4088637957759284,0.358306021194354,0.4580949007245974,0.715057915057915,0.6903474903474903,0.738996138996139,0.7532133676092545,0.7220812182741116,0.7826993947213564,0.6576402321083172,0.6149218967628785,0.6985311161445129,0.6134058251928962,,1.3836784882005304,,,,,,,,,,,,,,,4681.430684943916,
flaml,ames,mordred_desc,,,0.4768008105626444,0.427380343501686,0.526249940638659,0.7536679536679537,0.7297297297297297,0.7768339768339768,0.8316195372750642,0.8041123634829623,0.8569566426815324,0.6363636363636364,0.5942622950819673,0.6762646012094017,0.647701059425889,,0.3970153019763529,,,,,,,,,,,,,,,4677.771286539966,
flaml,cyp1a2,morgan_fp,,,0.5374939351163437,0.4813318013454166,0.5941231765309523,0.8600964851826327,0.8414886285320469,0.8773259820813232,0.5585284280936454,0.501619607617919,0.6139240506329114,0.9383680555555556,0.923655095718738,0.9514280438845512,0.6374069444900685,,1.4318979608360678,,,,,,,,,,,,,,,4596.165207277983,
flaml,cyp1a2,mordred_desc,,,0.6161275868871412,0.5632387493452445,0.6673180457316358,0.8807718814610613,0.8628532046864231,0.8966230186078566,0.6421404682274248,0.5858386498566226,0.6958031158466604,0.9427083333333334,0.9278807800368304,0.9549002601908064,0.6377693477083628,,0.2558730929158628,,,,,,,,,,,,,,,4455.4348343499005,
flaml,cyp2d6,morgan_fp,,,0.5239239789173691,0.4620044561579552,0.5810869862427599,0.8725423728813559,0.8549152542372881,0.8888135593220339,0.532319391634981,0.4713114754098361,0.5931558935361216,0.9463696369636964,0.9328783018379556,0.958128078817734,0.5078655826022229,,1.4434761109296232,,,,,,,,,,,,,,,4560.917697089026,
flaml,cyp2d6,mordred_desc,,,0.5359004943639664,0.4759451461182227,0.5943829670859556,0.88,0.8630508474576272,0.8958923254596041,0.5133079847908745,0.4518518518518518,0.5746268656716418,0.9595709570957096,0.9470684039087948,0.9695372409536644,0.5126496850804971,,0.3439778278116137,,,,,,,,,,,,,,,4557.034110720037,
flaml,cyp2c9,morgan_fp,,,0.3948822391742634,0.3207186237862949,0.4701652801865626,0.8981603153745072,0.8817345597897503,0.9126149802890932,0.3351351351351351,0.2701149425287356,0.4051282051282051,0.976065818997756,0.9665804164674408,0.9830383480825958,0.4687400376660371,,1.473362211836502,,,,,,,,,,,,,,,4571.693761005066,
flaml,cyp2c9,mordred_desc,,,0.3294348540072896,0.2565199718597818,0.4078314948739532,0.8988173455978975,0.8823915900131406,0.9132720105124836,0.2432432432432432,0.1842105263157894,0.3097826086956521,0.9895287958115184,0.9828963725632344,0.9940253920836444,0.4244661769609459,,0.236134409205988,,,,,,,,,,,,,,,4484.34322309983,
flaml,cyp2c19,morgan_fp,,,0.3926876985575225,0.3340095906266414,0.450328365177182,0.8283485045513654,0.8088426527958388,0.8459037711313394,0.4044585987261146,0.3504531722054381,0.4591332451851709,0.937091503267974,0.9227642276422764,0.9498767460969596,0.5128346017062115,,1.5301931989379227,,,,,,,,,,,,,,,4632.731345960172,
flaml,cyp2c19,mordred_desc,,,0.5020397591141619,0.4454321201635443,0.5568032699971197,0.8569570871261378,0.8387516254876463,0.8738621586475943,0.4936305732484076,0.4375,0.5490196078431373,0.9501633986928104,0.936833470057424,0.961663947797716,0.5099278629270351,,0.3777511878870427,,,,,,,,,,,,,,,4660.440558038885,
flaml,cyp3a4,morgan_fp,,,0.5361358831816788,0.4932779915543069,0.5787194354093679,0.8185676392572945,0.8010610079575596,0.8355437665782494,0.6280834914611005,0.588,0.6705244900994914,0.8924889543446245,0.87509130752374,0.908284023668639,0.6485253490870747,,1.7806371941696852,,,,,,,,,,,,,,,4640.828757660929,
flaml,cyp3a4,mordred_desc,,,0.590160964190722,0.5486163086722459,0.6314753972136916,0.8408488063660478,0.8238726790450929,0.8562334217506631,0.6565464895635673,0.6154763489955277,0.6964998908622646,0.9123711340206184,0.8961850194551975,0.9266123054114158,0.6419111937946871,,0.3506219419650733,,,,,,,,,,,,,,,4608.262665709015,
