dataset,Descriptor,Model,ROC_AUC,PR_AUC,Accuracy,Sensitivity,Specificity,GMean,Precision,F1,MCC,Kappa
bbb,Mordred,Bayesian,0.9,0.923,0.812,0.781,0.855,0.815,0.887,0.828,0.632,0.622
bbb,Mordred,KNN,0.833,0.819,0.844,0.898,0.768,0.829,0.844,0.869,0.681,0.675
bbb,Mordred,LightGBM,0.969,0.98,0.924,0.931,0.913,0.921,0.938,0.934,0.845,0.843
bbb,Mordred,LogisticRegression,0.961,0.975,0.89,0.901,0.874,0.886,0.911,0.905,0.776,0.773
bbb,Mordred,RandomForest,0.963,0.975,0.896,0.907,0.879,0.892,0.914,0.909,0.789,0.786
bbb,Mordred,XGBoost,0.968,0.98,0.914,0.935,0.885,0.909,0.921,0.927,0.825,0.822
bbb,Morgan,Bayesian,0.913,0.929,0.844,0.848,0.837,0.841,0.881,0.863,0.685,0.681
bbb,Morgan,KNN,0.771,0.763,0.661,0.995,0.196,0.436,0.633,0.773,0.335,0.214
bbb,Morgan,LightGBM,0.961,0.975,0.907,0.922,0.886,0.903,0.922,0.921,0.813,0.809
bbb,Morgan,LogisticRegression,0.946,0.959,0.872,0.876,0.865,0.869,0.904,0.887,0.743,0.738
bbb,Morgan,RandomForest,0.938,0.954,0.872,0.89,0.846,0.867,0.891,0.889,0.74,0.737
bbb,Morgan,XGBoost,0.946,0.959,0.901,0.915,0.881,0.896,0.918,0.914,0.8,0.796
bbb,Morgan,vNN,0.8222270655361469,0.9353060462296884,0.8392592592592593,0.9273790322580644,0.7170750988142293,0.8139327143356688,0.8218482162455996,0.8706058219230696,0.6713579534652425,0.6604955590558846
herg,Mordred,Bayesian,0.865,0.799,0.771,0.879,0.697,0.782,0.667,0.758,0.569,0.549
herg,Mordred,KNN,0.893,0.837,0.829,0.804,0.845,0.823,0.781,0.791,0.648,0.646
herg,Mordred,LightGBM,0.925,0.897,0.862,0.831,0.883,0.856,0.833,0.83,0.716,0.714
herg,Mordred,LogisticRegression,0.896,0.841,0.838,0.829,0.844,0.835,0.787,0.806,0.669,0.667
herg,Mordred,RandomForest,0.923,0.897,0.856,0.838,0.869,0.853,0.817,0.826,0.705,0.704
herg,Mordred,XGBoost,0.922,0.891,0.865,0.833,0.887,0.859,0.837,0.833,0.721,0.72
herg,Morgan,Bayesian,0.912,0.897,0.851,0.738,0.928,0.827,0.877,0.8,0.691,0.683
herg,Morgan,KNN,0.826,0.784,0.788,0.502,0.983,0.701,0.952,0.656,0.581,0.524
herg,Morgan,LightGBM,0.903,0.877,0.833,0.771,0.876,0.821,0.811,0.789,0.653,0.651
herg,Morgan,LogisticRegression,0.915,0.898,0.846,0.79,0.885,0.835,0.828,0.807,0.682,0.68
herg,Morgan,RandomForest,0.913,0.897,0.842,0.753,0.903,0.824,0.843,0.794,0.671,0.666
herg,Morgan,XGBoost,0.906,0.881,0.835,0.776,0.875,0.823,0.812,0.792,0.657,0.655
herg,Morgan,vNN,0.8348383524452543,0.8880484513850593,0.8468571428571429,0.7708748615725359,0.8988018433179724,0.832062575042595,0.84035381106362,0.8033786521588984,0.6808621790623144,0.678396294234545
pgp_substrates,Mordred,Bayesian,0.702,0.71,0.651,0.723,0.575,0.643,0.644,0.681,0.302,0.299
pgp_substrates,Mordred,KNN,0.698,0.651,0.699,0.739,0.658,0.696,0.698,0.717,0.399,0.397
pgp_substrates,Mordred,LightGBM,0.795,0.805,0.72,0.74,0.698,0.717,0.726,0.731,0.441,0.438
pgp_substrates,Mordred,LogisticRegression,0.782,0.786,0.718,0.739,0.697,0.716,0.722,0.729,0.437,0.435
pgp_substrates,Mordred,RandomForest,0.796,0.813,0.725,0.752,0.695,0.722,0.726,0.737,0.45,0.448
pgp_substrates,Mordred,XGBoost,0.804,0.812,0.726,0.75,0.701,0.723,0.73,0.738,0.454,0.452
pgp_substrates,Morgan,Bayesian,0.753,0.772,0.668,0.584,0.757,0.663,0.722,0.643,0.348,0.34
pgp_substrates,Morgan,KNN,0.662,0.625,0.661,0.627,0.697,0.659,0.69,0.655,0.326,0.323
pgp_substrates,Morgan,LightGBM,0.758,0.776,0.687,0.695,0.679,0.685,0.701,0.696,0.376,0.374
pgp_substrates,Morgan,LogisticRegression,0.762,0.778,0.705,0.697,0.714,0.703,0.724,0.708,0.412,0.41
pgp_substrates,Morgan,RandomForest,0.768,0.793,0.686,0.619,0.758,0.683,0.736,0.67,0.382,0.375
pgp_substrates,Morgan,XGBoost,0.759,0.771,0.696,0.705,0.686,0.694,0.707,0.705,0.393,0.391
pgp_substrates,Morgan,vNN,0.6854726368159204,0.7653751666930537,0.6864615384615385,0.7176119402985074,0.6533333333333333,0.6834973092115958,0.6882285518842681,0.7016081592790486,0.3731496056727493,0.3714880357922904
dili,Mordred,Bayesian,0.682,0.72,0.638,0.623,0.656,0.638,0.691,0.654,0.279,0.276
dili,Mordred,KNN,0.71,0.721,0.668,0.683,0.651,0.665,0.707,0.694,0.334,0.332
dili,Mordred,LightGBM,0.741,0.767,0.692,0.756,0.613,0.679,0.706,0.729,0.374,0.372
dili,Mordred,LogisticRegression,0.713,0.732,0.678,0.687,0.667,0.676,0.718,0.701,0.354,0.353
dili,Mordred,RandomForest,0.751,0.781,0.701,0.769,0.617,0.688,0.712,0.739,0.392,0.389
dili,Mordred,XGBoost,0.748,0.778,0.701,0.778,0.607,0.687,0.709,0.741,0.392,0.389
dili,Morgan,Bayesian,0.707,0.735,0.661,0.714,0.596,0.651,0.685,0.698,0.313,0.312
dili,Morgan,KNN,0.662,0.659,0.629,0.543,0.734,0.631,0.715,0.616,0.28,0.27
dili,Morgan,LightGBM,0.701,0.73,0.653,0.708,0.585,0.643,0.677,0.692,0.296,0.295
dili,Morgan,LogisticRegression,0.704,0.736,0.655,0.671,0.635,0.652,0.693,0.681,0.306,0.305
dili,Morgan,RandomForest,0.724,0.752,0.665,0.694,0.63,0.66,0.698,0.695,0.325,0.324
dili,Morgan,XGBoost,0.705,0.739,0.656,0.73,0.566,0.641,0.675,0.7,0.301,0.299
dili,Morgan,vNN,0.667813485514885,0.7450900646193415,0.6792792792792792,0.7816633346661335,0.5539636363636364,0.6571613097401355,0.6829119746322055,0.7285492151943432,0.3462999542558529,0.3410440193554808
pgp_inhibitors,Mordred,Bayesian,0.82,0.855,0.768,0.853,0.649,0.744,0.774,0.812,0.517,0.513
pgp_inhibitors,Mordred,KNN,0.898,0.899,0.832,0.888,0.754,0.818,0.836,0.861,0.653,0.65
pgp_inhibitors,Mordred,LightGBM,0.937,0.949,0.874,0.915,0.815,0.863,0.875,0.894,0.739,0.737
pgp_inhibitors,Mordred,LogisticRegression,0.919,0.933,0.851,0.865,0.832,0.848,0.879,0.872,0.695,0.694
pgp_inhibitors,Mordred,RandomForest,0.938,0.953,0.874,0.918,0.811,0.863,0.873,0.895,0.739,0.737
pgp_inhibitors,Mordred,XGBoost,0.937,0.95,0.875,0.912,0.822,0.866,0.879,0.895,0.741,0.74
pgp_inhibitors,Morgan,Bayesian,0.881,0.914,0.799,0.772,0.836,0.803,0.87,0.818,0.601,0.595
pgp_inhibitors,Morgan,KNN,0.869,0.871,0.803,0.778,0.839,0.807,0.873,0.822,0.609,0.603
pgp_inhibitors,Morgan,LightGBM,0.911,0.938,0.831,0.856,0.796,0.825,0.856,0.855,0.652,0.652
pgp_inhibitors,Morgan,LogisticRegression,0.914,0.938,0.836,0.847,0.82,0.833,0.869,0.858,0.664,0.663
pgp_inhibitors,Morgan,RandomForest,0.907,0.934,0.822,0.804,0.848,0.825,0.882,0.841,0.645,0.641
pgp_inhibitors,Morgan,XGBoost,0.912,0.938,0.832,0.857,0.796,0.826,0.856,0.856,0.654,0.654
pgp_inhibitors,Morgan,vNN,0.7930697732494256,0.8960999823638045,0.8032806846049629,0.853,0.7331395464988514,0.7905366902098643,0.8187739364707024,0.8353133882503256,0.5925756845506389,0.5912687452973343
hlm,Mordred,Bayesian,0.626,0.493,0.649,0.342,0.822,0.53,0.522,0.412,0.186,0.178
hlm,Mordred,KNN,0.745,0.572,0.766,0.67,0.82,0.741,0.676,0.673,0.491,0.49
hlm,Mordred,LightGBM,0.852,0.762,0.785,0.622,0.877,0.738,0.739,0.675,0.521,0.517
hlm,Mordred,LogisticRegression,0.799,0.665,0.738,0.716,0.75,0.733,0.617,0.663,0.454,0.451
hlm,Mordred,RandomForest,0.845,0.75,0.782,0.598,0.885,0.727,0.746,0.664,0.512,0.505
hlm,Mordred,XGBoost,0.854,0.763,0.787,0.624,0.879,0.74,0.744,0.678,0.526,0.521
hlm,Morgan,Bayesian,0.784,0.671,0.732,0.678,0.762,0.718,0.616,0.645,0.432,0.43
hlm,Morgan,KNN,0.818,0.675,0.767,0.659,0.827,0.738,0.683,0.671,0.491,0.491
hlm,Morgan,LightGBM,0.844,0.745,0.788,0.661,0.859,0.753,0.725,0.691,0.532,0.53
hlm,Morgan,LogisticRegression,0.828,0.723,0.764,0.725,0.786,0.754,0.656,0.688,0.501,0.499
hlm,Morgan,RandomForest,0.834,0.731,0.784,0.67,0.848,0.753,0.713,0.69,0.526,0.524
hlm,Morgan,XGBoost,0.85,0.757,0.792,0.666,0.862,0.758,0.732,0.697,0.541,0.539
hlm,Morgan,vNN,0.7583280616258518,0.703855198452029,0.784474513102129,0.6653107344632768,0.8513453887884268,0.7522688752740977,0.716082284913571,0.6891984017445294,0.5259694080808937,0.5246693600395189
cytotox,Mordred,Bayesian,0.647,0.468,0.631,0.557,0.665,0.608,0.44,0.491,0.212,0.208
cytotox,Mordred,KNN,0.848,0.698,0.813,0.689,0.871,0.775,0.716,0.702,0.566,0.566
cytotox,Mordred,LightGBM,0.877,0.798,0.828,0.634,0.92,0.763,0.788,0.702,0.59,0.583
cytotox,Mordred,LogisticRegression,0.781,0.612,0.719,0.707,0.725,0.716,0.547,0.616,0.409,0.401
cytotox,Mordred,RandomForest,0.866,0.777,0.813,0.621,0.903,0.749,0.75,0.679,0.554,0.549
cytotox,Mordred,XGBoost,0.881,0.802,0.829,0.625,0.925,0.76,0.797,0.7,0.592,0.583
cytotox,Morgan,Bayesian,0.787,0.667,0.745,0.679,0.776,0.725,0.587,0.629,0.439,0.436
cytotox,Morgan,KNN,0.864,0.741,0.82,0.648,0.901,0.764,0.755,0.697,0.574,0.571
cytotox,Morgan,LightGBM,0.872,0.793,0.823,0.679,0.891,0.778,0.746,0.711,0.586,0.584
cytotox,Morgan,LogisticRegression,0.854,0.753,0.794,0.744,0.817,0.779,0.656,0.697,0.544,0.542
cytotox,Morgan,RandomForest,0.861,0.77,0.808,0.641,0.887,0.754,0.727,0.681,0.548,0.545
cytotox,Morgan,XGBoost,0.873,0.789,0.823,0.684,0.888,0.779,0.742,0.711,0.585,0.584
cytotox,Morgan,vNN,0.7918216982782301,0.7937605289715438,0.8247336370261569,0.7007215946843854,0.8829218018720749,0.7863118079383353,0.7374287501528818,0.7182740210530342,0.5919219593467796,0.5912516373233614
mmp,Mordred,Bayesian,0.792,0.377,0.717,0.77,0.707,0.738,0.326,0.458,0.359,0.307
mmp,Mordred,KNN,0.752,0.418,0.878,0.571,0.934,0.73,0.615,0.591,0.521,0.52
mmp,Mordred,LightGBM,0.93,0.785,0.914,0.591,0.973,0.758,0.8,0.679,0.641,0.631
mmp,Mordred,LogisticRegression,0.893,0.607,0.842,0.798,0.85,0.823,0.494,0.61,0.541,0.517
mmp,Mordred,RandomForest,0.921,0.748,0.904,0.668,0.948,0.795,0.702,0.683,0.628,0.627
mmp,Mordred,XGBoost,0.925,0.761,0.911,0.594,0.969,0.758,0.78,0.673,0.631,0.623
mmp,Morgan,Bayesian,0.836,0.525,0.831,0.657,0.862,0.753,0.468,0.546,0.456,0.446
mmp,Morgan,KNN,0.687,0.327,0.856,0.441,0.932,0.64,0.544,0.486,0.407,0.403
mmp,Morgan,LightGBM,0.879,0.659,0.892,0.506,0.962,0.697,0.713,0.591,0.541,0.531
mmp,Morgan,LogisticRegression,0.858,0.587,0.855,0.668,0.889,0.77,0.526,0.588,0.507,0.501
mmp,Morgan,RandomForest,0.875,0.632,0.863,0.605,0.91,0.742,0.553,0.577,0.497,0.496
mmp,Morgan,XGBoost,0.878,0.66,0.892,0.499,0.964,0.693,0.721,0.589,0.542,0.529
mmp,Morgan,vNN,0.7023703505974072,0.5939624527784042,0.8775408682117671,0.4485416288771994,0.9561990723176148,0.65369796200395,0.6534014722584931,0.5303861817557335,0.4746002580771812,0.4630133334063127
ames,Mordred,Bayesian,0.708,0.74,0.658,0.661,0.655,0.658,0.677,0.669,0.315,0.315
ames,Mordred,KNN,0.842,0.82,0.77,0.8,0.738,0.768,0.77,0.785,0.54,0.539
ames,Mordred,LightGBM,0.891,0.898,0.815,0.821,0.808,0.814,0.824,0.822,0.628,0.628
ames,Mordred,LogisticRegression,0.851,0.848,0.782,0.788,0.775,0.781,0.793,0.791,0.563,0.563
ames,Mordred,RandomForest,0.884,0.888,0.809,0.8,0.819,0.809,0.83,0.814,0.619,0.618
ames,Mordred,XGBoost,0.89,0.898,0.815,0.822,0.806,0.814,0.823,0.823,0.628,0.628
ames,Morgan,Bayesian,0.804,0.82,0.733,0.68,0.792,0.734,0.782,0.727,0.474,0.469
ames,Morgan,KNN,0.843,0.837,0.772,0.728,0.82,0.772,0.816,0.769,0.549,0.545
ames,Morgan,LightGBM,0.873,0.882,0.8,0.798,0.803,0.8,0.816,0.807,0.6,0.6
ames,Morgan,LogisticRegression,0.86,0.869,0.786,0.779,0.793,0.786,0.805,0.792,0.571,0.571
ames,Morgan,RandomForest,0.866,0.877,0.784,0.734,0.84,0.785,0.834,0.781,0.575,0.571
ames,Morgan,XGBoost,0.881,0.891,0.805,0.795,0.816,0.805,0.826,0.81,0.61,0.609
ames,Morgan,vNN,0.7847709468408633,0.864127952396138,0.7865319845261987,0.8231734317343173,0.7463684619474092,0.7837672452209072,0.7807154491025473,0.8013189797242876,0.5720864888923157,0.5710349823044362
cyp1a2,Mordred,Bayesian,0.856,0.589,0.752,0.797,0.743,0.769,0.4,0.532,0.431,0.388
cyp1a2,Mordred,KNN,0.862,0.6,0.876,0.61,0.934,0.755,0.664,0.636,0.562,0.561
cyp1a2,Mordred,LightGBM,0.938,0.808,0.906,0.627,0.966,0.778,0.797,0.702,0.654,0.647
cyp1a2,Mordred,LogisticRegression,0.911,0.702,0.832,0.839,0.831,0.835,0.516,0.639,0.565,0.538
cyp1a2,Mordred,RandomForest,0.926,0.768,0.89,0.642,0.943,0.778,0.708,0.673,0.608,0.607
cyp1a2,Mordred,XGBoost,0.938,0.809,0.905,0.618,0.967,0.772,0.799,0.696,0.649,0.641
cyp1a2,Morgan,Bayesian,0.865,0.599,0.831,0.657,0.868,0.755,0.518,0.579,0.481,0.475
cyp1a2,Morgan,KNN,0.784,0.473,0.871,0.648,0.919,0.772,0.634,0.641,0.563,0.562
cyp1a2,Morgan,LightGBM,0.922,0.78,0.899,0.627,0.958,0.774,0.763,0.687,0.633,0.628
cyp1a2,Morgan,LogisticRegression,0.907,0.735,0.859,0.774,0.877,0.823,0.575,0.659,0.583,0.572
cyp1a2,Morgan,RandomForest,0.916,0.755,0.866,0.744,0.892,0.814,0.596,0.662,0.585,0.579
cyp1a2,Morgan,XGBoost,0.927,0.794,0.902,0.641,0.958,0.783,0.768,0.698,0.644,0.64
cyp1a2,Morgan,vNN,0.7762795517145165,0.6738814047676034,0.8864581959666162,0.6058451337911437,0.9467139696378892,0.7571088006098773,0.7096153287315698,0.6533338663652245,0.5887827293451998,0.5859861035855445
cyp2d6,Mordred,Bayesian,0.801,0.459,0.79,0.664,0.814,0.735,0.408,0.505,0.4,0.381
cyp2d6,Mordred,KNN,0.711,0.341,0.84,0.521,0.902,0.685,0.505,0.512,0.417,0.417
cyp2d6,Mordred,LightGBM,0.888,0.649,0.885,0.493,0.961,0.688,0.707,0.58,0.528,0.516
cyp2d6,Mordred,LogisticRegression,0.852,0.542,0.796,0.77,0.802,0.785,0.428,0.55,0.463,0.432
cyp2d6,Mordred,RandomForest,0.885,0.633,0.879,0.566,0.939,0.729,0.641,0.601,0.532,0.53
cyp2d6,Mordred,XGBoost,0.892,0.659,0.887,0.478,0.965,0.679,0.727,0.576,0.529,0.514
cyp2d6,Morgan,Bayesian,0.837,0.539,0.837,0.603,0.882,0.729,0.496,0.544,0.449,0.446
cyp2d6,Morgan,KNN,0.793,0.472,0.869,0.441,0.951,0.647,0.636,0.52,0.458,0.447
cyp2d6,Morgan,LightGBM,0.877,0.647,0.883,0.497,0.957,0.689,0.689,0.577,0.52,0.511
cyp2d6,Morgan,LogisticRegression,0.862,0.606,0.839,0.704,0.865,0.78,0.5,0.585,0.499,0.488
cyp2d6,Morgan,RandomForest,0.88,0.637,0.861,0.645,0.902,0.763,0.56,0.599,0.517,0.515
cyp2d6,Morgan,XGBoost,0.871,0.625,0.877,0.495,0.95,0.685,0.656,0.564,0.501,0.494
cyp2d6,Morgan,vNN,0.7117204374021984,0.5914858647819681,0.871220338983051,0.4762292642601267,0.9472116105442696,0.6712981956484478,0.6350847240879891,0.5437956511898325,0.4775494038404964,0.4706682160224991
cyp2c9,Mordred,Bayesian,0.728,0.313,0.842,0.296,0.916,0.52,0.325,0.309,0.221,0.22
cyp2c9,Mordred,KNN,0.767,0.365,0.887,0.35,0.96,0.579,0.54,0.424,0.376,0.364
cyp2c9,Mordred,LightGBM,0.861,0.566,0.903,0.36,0.976,0.591,0.669,0.466,0.444,0.419
cyp2c9,Mordred,LogisticRegression,0.825,0.425,0.796,0.72,0.806,0.761,0.334,0.456,0.39,0.35
cyp2c9,Mordred,RandomForest,0.863,0.545,0.894,0.484,0.95,0.677,0.565,0.521,0.464,0.462
cyp2c9,Mordred,XGBoost,0.858,0.56,0.904,0.384,0.974,0.61,0.662,0.484,0.456,0.435
cyp2c9,Morgan,Bayesian,0.816,0.458,0.865,0.485,0.916,0.666,0.437,0.459,0.383,0.382
cyp2c9,Morgan,KNN,0.765,0.401,0.899,0.376,0.97,0.603,0.627,0.469,0.435,0.417
cyp2c9,Morgan,LightGBM,0.844,0.551,0.903,0.419,0.969,0.636,0.644,0.507,0.469,0.456
cyp2c9,Morgan,LogisticRegression,0.843,0.517,0.851,0.649,0.878,0.755,0.419,0.509,0.44,0.426
cyp2c9,Morgan,RandomForest,0.867,0.557,0.896,0.516,0.947,0.699,0.568,0.54,0.483,0.482
cyp2c9,Morgan,XGBoost,0.858,0.565,0.903,0.429,0.966,0.643,0.632,0.511,0.47,0.459
cyp2c9,Morgan,vNN,0.6992202780221948,0.4432552881159263,0.8934486401593194,0.444611111111111,0.9538294449332784,0.6506175372381012,0.5657034442570299,0.4971089442563827,0.4429534678585707,0.4385561661832998
cyp2c19,Mordred,Bayesian,0.743,0.44,0.692,0.619,0.709,0.662,0.33,0.43,0.268,0.245
cyp2c19,Mordred,KNN,0.793,0.495,0.843,0.504,0.922,0.681,0.6,0.547,0.456,0.453
cyp2c19,Mordred,LightGBM,0.873,0.68,0.872,0.499,0.958,0.691,0.734,0.593,0.534,0.52
cyp2c19,Mordred,LogisticRegression,0.842,0.588,0.788,0.762,0.794,0.777,0.461,0.574,0.469,0.444
cyp2c19,Mordred,RandomForest,0.867,0.654,0.86,0.597,0.921,0.741,0.636,0.616,0.531,0.53
cyp2c19,Mordred,XGBoost,0.873,0.68,0.871,0.491,0.959,0.685,0.735,0.588,0.53,0.515
cyp2c19,Morgan,Bayesian,0.805,0.54,0.817,0.577,0.873,0.709,0.513,0.542,0.43,0.429
cyp2c19,Morgan,KNN,0.776,0.491,0.849,0.44,0.944,0.644,0.644,0.522,0.448,0.437
cyp2c19,Morgan,LightGBM,0.852,0.643,0.862,0.498,0.946,0.686,0.681,0.574,0.503,0.494
cyp2c19,Morgan,LogisticRegression,0.848,0.621,0.814,0.714,0.837,0.773,0.503,0.59,0.487,0.474
cyp2c19,Morgan,RandomForest,0.854,0.645,0.851,0.586,0.912,0.731,0.608,0.596,0.505,0.505
cyp2c19,Morgan,XGBoost,0.858,0.657,0.863,0.492,0.949,0.683,0.692,0.574,0.506,0.496
cyp2c19,Morgan,vNN,0.7097062012333936,0.6073214099252049,0.8549268292682928,0.4770025376921928,0.9424098647745944,0.6701964887804804,0.6582818206863305,0.5526215404743366,0.4776956724442754,0.468734307371346
cyp3a4,Mordred,Bayesian,0.801,0.527,0.695,0.814,0.659,0.732,0.422,0.556,0.402,0.358
cyp3a4,Mordred,KNN,0.88,0.705,0.849,0.585,0.93,0.737,0.72,0.645,0.555,0.551
cyp3a4,Mordred,LightGBM,0.93,0.827,0.882,0.66,0.95,0.792,0.802,0.724,0.655,0.65
cyp3a4,Mordred,LogisticRegression,0.917,0.784,0.834,0.851,0.828,0.84,0.603,0.706,0.612,0.594
cyp3a4,Mordred,RandomForest,0.917,0.795,0.867,0.695,0.92,0.799,0.726,0.71,0.624,0.623
cyp3a4,Mordred,XGBoost,0.931,0.828,0.882,0.665,0.949,0.794,0.801,0.726,0.657,0.652
cyp3a4,Morgan,Bayesian,0.875,0.728,0.829,0.673,0.877,0.768,0.626,0.649,0.537,0.536
cyp3a4,Morgan,KNN,0.834,0.651,0.86,0.573,0.948,0.737,0.771,0.658,0.582,0.572
cyp3a4,Morgan,LightGBM,0.913,0.805,0.879,0.655,0.948,0.788,0.793,0.717,0.646,0.641
cyp3a4,Morgan,LogisticRegression,0.916,0.807,0.852,0.8,0.868,0.833,0.65,0.717,0.625,0.619
cyp3a4,Morgan,RandomForest,0.912,0.805,0.876,0.627,0.952,0.773,0.801,0.703,0.634,0.626
cyp3a4,Morgan,XGBoost,0.922,0.82,0.883,0.664,0.95,0.794,0.804,0.727,0.659,0.654
cyp3a4,Morgan,vNN,0.7804360993159147,0.7573649518668334,0.8642534360591534,0.622631199884765,0.9382409987470646,0.7641386638418587,0.7555090993554426,0.6823569792152497,0.6018151002654105,0.5971037716431988
