Descriptor,Model,Repeat,Fold,ROC_AUC,PR_AUC,Accuracy,Sensitivity,Specificity,GMean,Precision,F1,MCC,Kappa
Morgan,KNN,1,1,0.7138849929873773,0.7065913770512261,0.6481481481481481,1.0,0.17391304347826086,0.41702882811414954,0.62,0.7654320987654321,0.32836882762607317,0.19466248037676614
Morgan,KNN,1,2,0.8330995792426368,0.8088442698910021,0.6481481481481481,1.0,0.17391304347826086,0.41702882811414954,0.62,0.7654320987654321,0.32836882762607317,0.19466248037676614
Morgan,KNN,1,3,0.7748948106591865,0.7719477816668242,0.6481481481481481,1.0,0.17391304347826086,0.41702882811414954,0.62,0.7654320987654321,0.32836882762607317,0.19466248037676614
Morgan,KNN,1,4,0.6938920454545455,0.7098198180787467,0.6851851851851852,1.0,0.22727272727272727,0.4767312946227962,0.6530612244897959,0.7901234567901234,0.38525706426470974,0.25848142164781895
Morgan,KNN,1,5,0.7840909090909091,0.7806896551724138,0.6296296296296297,1.0,0.09090909090909091,0.30151134457776363,0.6153846153846154,0.7619047619047619,0.23652495839563303,0.10596026490066235
Morgan,KNN,2,1,0.7594670406732118,0.7471671050554216,0.6296296296296297,0.967741935483871,0.17391304347826086,0.41024741961594685,0.6122448979591837,0.75,0.24165376543239367,0.15756630265210603
Morgan,KNN,2,2,0.758765778401122,0.7372828784119108,0.6666666666666666,1.0,0.21739130434782608,0.4662524041201569,0.6326530612244898,0.775,0.3708547885348616,0.24180967238689544
Morgan,KNN,2,3,0.8646563814866761,0.845400545517611,0.6851851851851852,1.0,0.2608695652173913,0.5107539184552492,0.6458333333333334,0.7848101265822784,0.4104610345325914,0.2883720930232557
Morgan,KNN,2,4,0.7208806818181818,0.7261797916254968,0.6481481481481481,1.0,0.13636363636363635,0.3692744729379982,0.6274509803921569,0.7710843373493976,0.29250896965085227,0.1576354679802956
Morgan,KNN,2,5,0.7436079545454546,0.747280162064826,0.6851851851851852,1.0,0.22727272727272727,0.4767312946227962,0.6530612244897959,0.7901234567901234,0.38525706426470974,0.25848142164781895
Morgan,KNN,3,1,0.7945301542776999,0.7747644583780215,0.6481481481481481,1.0,0.17391304347826086,0.41702882811414954,0.62,0.7654320987654321,0.32836882762607317,0.19466248037676614
Morgan,KNN,3,2,0.800140252454418,0.7821231052179918,0.6296296296296297,0.967741935483871,0.17391304347826086,0.41024741961594685,0.6122448979591837,0.75,0.24165376543239367,0.15756630265210603
Morgan,KNN,3,3,0.8576437587657784,0.8395962022420499,0.7037037037037037,1.0,0.30434782608695654,0.5516772843673705,0.6595744680851063,0.7948717948717948,0.4480402387109475,0.33436055469953774
Morgan,KNN,3,4,0.8345170454545454,0.8220303415697674,0.6666666666666666,1.0,0.18181818181818182,0.4264014327112209,0.64,0.7804878048780488,0.34112114616897665,0.20846905537459282
Morgan,KNN,3,5,0.7159090909090909,0.7251912960306073,0.6481481481481481,1.0,0.13636363636363635,0.3692744729379982,0.6274509803921569,0.7710843373493976,0.29250896965085227,0.1576354679802956
Morgan,KNN,4,1,0.8316970546984572,0.8133094384707288,0.6666666666666666,0.967741935483871,0.2608695652173913,0.502448423176264,0.6382978723404256,0.7692307692307693,0.3365463544234306,0.25115562403698
Morgan,KNN,4,2,0.8366058906030857,0.8138645918885911,0.6666666666666666,1.0,0.21739130434782608,0.4662524041201569,0.6326530612244898,0.775,0.3708547885348616,0.24180967238689544
Morgan,KNN,4,3,0.7713884992987377,0.7560780617232231,0.6851851851851852,1.0,0.2608695652173913,0.5107539184552492,0.6458333333333334,0.7848101265822784,0.4104610345325914,0.2883720930232557
Morgan,KNN,4,4,0.7215909090909091,0.7247368421052631,0.6666666666666666,1.0,0.18181818181818182,0.4264014327112209,0.64,0.7804878048780488,0.34112114616897665,0.20846905537459282
Morgan,KNN,4,5,0.7159090909090909,0.7198761261261261,0.6296296296296297,1.0,0.09090909090909091,0.30151134457776363,0.6153846153846154,0.7619047619047619,0.23652495839563303,0.10596026490066235
Morgan,KNN,5,1,0.8309957924263675,0.8000958572976579,0.7407407407407407,1.0,0.391304347826087,0.6255432421712243,0.6888888888888889,0.8157894736842105,0.5191967039488062,0.4246575342465754
Morgan,KNN,5,2,0.6332398316970547,0.6501759202398584,0.6481481481481481,1.0,0.17391304347826086,0.41702882811414954,0.62,0.7654320987654321,0.32836882762607317,0.19466248037676614
Morgan,KNN,5,3,0.7131837307152874,0.7138317153856754,0.6296296296296297,0.967741935483871,0.17391304347826086,0.41024741961594685,0.6122448979591837,0.75,0.24165376543239367,0.15756630265210603
Morgan,KNN,5,4,0.8082386363636364,0.7980169340463459,0.6481481481481481,1.0,0.13636363636363635,0.3692744729379982,0.6274509803921569,0.7710843373493976,0.29250896965085227,0.1576354679802956
Morgan,KNN,5,5,0.7713068181818181,0.7619701726844584,0.6666666666666666,1.0,0.18181818181818182,0.4264014327112209,0.64,0.7804878048780488,0.34112114616897665,0.20846905537459282
Morgan,Bayesian,1,1,0.8597475455820477,0.8949313950282578,0.7777777777777778,0.8387096774193549,0.6956521739130435,0.763839125980518,0.7878787878787878,0.8125,0.5420178553280652,0.5404255319148936
Morgan,Bayesian,1,2,0.9095371669004207,0.9022685729415512,0.8518518518518519,0.8387096774193549,0.8695652173913043,0.8539981047832319,0.896551724137931,0.8666666666666667,0.7023888518078689,0.7004160887656032
Morgan,Bayesian,1,3,0.9102384291725105,0.9471452719380602,0.8703703703703703,0.8387096774193549,0.9130434782608695,0.8750876533936585,0.9285714285714286,0.8813559322033898,0.7439681358426422,0.7393103448275862
Morgan,Bayesian,1,4,0.9403409090909092,0.9648190057507777,0.8888888888888888,0.90625,0.8636363636363636,0.8846866420069055,0.90625,0.90625,0.7698863636363636,0.7698863636363636
Morgan,Bayesian,1,5,0.9232954545454546,0.913953244292292,0.8703703703703703,0.9375,0.7727272727272727,0.8511356050488184,0.8571428571428571,0.8955223880597015,0.7307567777420846,0.725689404934688
Morgan,Bayesian,2,1,0.9060308555399719,0.9338350343364754,0.8148148148148148,0.8064516129032258,0.8260869565217391,0.816210241595432,0.8620689655172413,0.8333333333333334,0.6272819250798988,0.6255201109570041
Morgan,Bayesian,2,2,0.8793828892005611,0.8508018079070521,0.8703703703703703,0.9354838709677419,0.782608695652174,0.8556388327219091,0.8529411764705882,0.8923076923076924,0.7353104527514781,0.7303851640513552
Morgan,Bayesian,2,3,0.9495091164095373,0.9677219466930387,0.8888888888888888,0.8387096774193549,0.9565217391304348,0.8956807686171939,0.9629629629629629,0.896551724137931,0.7864561805867951,0.7777777777777778
Morgan,Bayesian,2,4,0.8991477272727273,0.9407038965116177,0.8518518518518519,0.84375,0.8636363636363636,0.8536352744692443,0.9,0.8709677419354839,0.6994823573056137,0.6974789915966386
Morgan,Bayesian,2,5,0.9176136363636364,0.9401068023131972,0.8148148148148148,0.8125,0.8181818181818182,0.8153359597569135,0.8666666666666667,0.8387096774193549,0.6236348727784989,0.6218487394957983
Morgan,Bayesian,3,1,0.9186535764375877,0.9464687494105692,0.8333333333333334,0.7741935483870968,0.9130434782608695,0.840757022133315,0.9230769230769231,0.8421052631578947,0.6801201241845051,0.6684856753069577
Morgan,Bayesian,3,2,0.8611500701262271,0.8552390526122936,0.8148148148148148,0.8064516129032258,0.8260869565217391,0.816210241595432,0.8620689655172413,0.8333333333333334,0.6272819250798988,0.6255201109570041
Morgan,Bayesian,3,3,0.9607293127629734,0.9743449727876867,0.9074074074074074,0.9032258064516129,0.9130434782608695,0.9081213751352621,0.9333333333333333,0.9180327868852459,0.8122916174682937,0.8117154811715481
Morgan,Bayesian,3,4,0.9730113636363636,0.9821948672723584,0.8888888888888888,0.84375,0.9545454545454546,0.8974395396196488,0.9642857142857143,0.9,0.7850264619451028,0.7762430939226519
Morgan,Bayesian,3,5,0.8842329545454545,0.9240815037147154,0.8333333333333334,0.90625,0.7272727272727273,0.8118441408859887,0.8285714285714286,0.8656716417910447,0.6518350457459395,0.6473149492017416
Morgan,Bayesian,4,1,0.903225806451613,0.9314141017803224,0.7962962962962963,0.7741935483870968,0.8260869565217391,0.7997194458970361,0.8571428571428571,0.8135593220338984,0.5940641084713636,0.5903448275862069
Morgan,Bayesian,4,2,0.9565217391304348,0.967669977172703,0.8888888888888888,0.9354838709677419,0.8260869565217391,0.8790853336524943,0.8787878787878788,0.90625,0.772482140270707,0.7702127659574468
Morgan,Bayesian,4,3,0.9340813464235624,0.9543755663694931,0.8518518518518519,0.8709677419354839,0.8260869565217391,0.8482305648608138,0.8709677419354839,0.8709677419354839,0.697054698457223,0.697054698457223
Morgan,Bayesian,4,4,0.9289772727272728,0.9189495798739162,0.8518518518518519,0.90625,0.7727272727272727,0.8368297861029392,0.8529411764705882,0.8787878787878788,0.6908553270314275,0.6887608069164265
Morgan,Bayesian,4,5,0.8565340909090908,0.860355728521268,0.7962962962962963,0.75,0.8636363636363636,0.8048150549829897,0.8888888888888888,0.8135593220338984,0.6030226891555273,0.5925925925925926
Morgan,Bayesian,5,1,0.9186535764375876,0.9341261121526818,0.8333333333333334,0.8387096774193549,0.8260869565217391,0.8323743898178778,0.8666666666666667,0.8524590163934426,0.6615570905154144,0.6610878661087867
Morgan,Bayesian,5,2,0.9214586255259467,0.9054854204497665,0.8888888888888888,0.9032258064516129,0.8695652173913043,0.8862357162406246,0.9032258064516129,0.9032258064516129,0.7727910238429172,0.7727910238429172
Morgan,Bayesian,5,3,0.8920056100981767,0.9325297424916255,0.7962962962962963,0.7096774193548387,0.9130434782608695,0.8049635640269315,0.9166666666666666,0.8,0.6196863885840591,0.5991902834008097
Morgan,Bayesian,5,4,0.9403409090909091,0.9628686143833258,0.8518518518518519,0.875,0.8181818181818182,0.8461141122266493,0.875,0.875,0.6931818181818182,0.6931818181818181
Morgan,Bayesian,5,5,0.8693181818181818,0.9163172734121128,0.7592592592592593,0.8125,0.6818181818181818,0.7442964951733098,0.7878787878787878,0.8,0.4982258962394359,0.49785407725321884
Morgan,LogisticRegression,1,1,0.9537166900420757,0.9684736035408086,0.8333333333333334,0.8387096774193549,0.8260869565217391,0.8323743898178778,0.8666666666666667,0.8524590163934426,0.6615570905154144,0.6610878661087867
Morgan,LogisticRegression,1,2,0.9481065918653576,0.9582504268287637,0.8888888888888888,0.9032258064516129,0.8695652173913043,0.8862357162406246,0.9032258064516129,0.9032258064516129,0.7727910238429172,0.7727910238429172
Morgan,LogisticRegression,1,3,0.9551192145862553,0.9728126414176482,0.8888888888888888,0.8064516129032258,1.0,0.8980265101338745,1.0,0.8928571428571429,0.7997496827515339,0.7801899592944369
Morgan,LogisticRegression,1,4,0.9701704545454545,0.9827738189870543,0.9259259259259259,0.90625,0.9545454545454546,0.9300843070291092,0.9666666666666667,0.9354838709677419,0.8511773263598431,0.8487394957983193
Morgan,LogisticRegression,1,5,0.9232954545454546,0.9460985392386668,0.8333333333333334,0.90625,0.7272727272727273,0.8118441408859887,0.8285714285714286,0.8656716417910447,0.6518350457459395,0.6473149492017416
Morgan,LogisticRegression,2,1,0.9200561009817672,0.9453858758054884,0.7777777777777778,0.6774193548387096,0.9130434782608695,0.786456180586795,0.9130434782608695,0.7777777777777778,0.5904628330995793,0.5651006711409396
Morgan,LogisticRegression,2,2,0.9088359046283311,0.9261550974751682,0.8518518518518519,0.967741935483871,0.6956521739130435,0.8204948392318937,0.8108108108108109,0.8823529411764706,0.7063030035484253,0.6865021770682148
Morgan,LogisticRegression,2,3,0.9775596072931277,0.9849506789301004,0.9259259259259259,0.9354838709677419,0.9130434782608695,0.9241955677265118,0.9354838709677419,0.9354838709677419,0.8485273492286115,0.8485273492286115
Morgan,LogisticRegression,2,4,0.9602272727272726,0.9775763408845306,0.9259259259259259,0.90625,0.9545454545454546,0.9300843070291092,0.9666666666666667,0.9354838709677419,0.8511773263598431,0.8487394957983193
Morgan,LogisticRegression,2,5,0.96875,0.9769055120250638,0.8888888888888888,0.875,0.9090909090909091,0.8918825850158447,0.9333333333333333,0.9032258064516129,0.7753298418327284,0.7731092436974789
Morgan,LogisticRegression,3,1,0.9621318373071529,0.9718019577873663,0.8888888888888888,0.8709677419354839,0.9130434782608695,0.8917574875210129,0.9310344827586207,0.9,0.7774957785358391,0.7753120665742025
Morgan,LogisticRegression,3,2,0.8751753155680225,0.8878391218926787,0.7777777777777778,0.7419354838709677,0.8260869565217391,0.7828813612588127,0.8518518518518519,0.7931034482758621,0.5617544147048537,0.5555555555555556
Morgan,LogisticRegression,3,3,0.9803646563814867,0.9850940481057275,0.9259259259259259,0.9354838709677419,0.9130434782608695,0.9241955677265118,0.9354838709677419,0.9354838709677419,0.8485273492286115,0.8485273492286115
Morgan,LogisticRegression,3,4,0.9730113636363638,0.9830000521046127,0.8888888888888888,0.90625,0.8636363636363636,0.8846866420069055,0.90625,0.90625,0.7698863636363636,0.7698863636363636
Morgan,LogisticRegression,3,5,0.9446022727272727,0.9620399647686118,0.8518518518518519,0.9375,0.7272727272727273,0.8257228238447705,0.8333333333333334,0.8823529411764706,0.6929023281557338,0.6842105263157894
Morgan,LogisticRegression,4,1,0.94109396914446,0.9525628349602635,0.8333333333333334,0.8064516129032258,0.8695652173913043,0.8374140386271068,0.8928571428571429,0.847457627118644,0.6690161221570029,0.6648275862068965
Morgan,LogisticRegression,4,2,0.9859747545582048,0.9892478125976814,0.9629629629629629,1.0,0.9130434782608695,0.9555330859059091,0.9393939393939394,0.96875,0.926124996899135,0.9234042553191489
Morgan,LogisticRegression,4,3,0.9495091164095372,0.9637986449751343,0.8518518518518519,0.8709677419354839,0.8260869565217391,0.8482305648608138,0.8709677419354839,0.8709677419354839,0.697054698457223,0.697054698457223
Morgan,LogisticRegression,4,4,0.9303977272727273,0.9297958931083737,0.9074074074074074,0.9375,0.8636363636363636,0.8998105861285979,0.9090909090909091,0.9230769230769231,0.8074695559742582,0.8068669527896996
Morgan,LogisticRegression,4,5,0.8934659090909091,0.915225784749669,0.8333333333333334,0.78125,0.9090909090909091,0.8427498280790526,0.9259259259259259,0.847457627118644,0.6784005252999682,0.6666666666666667
Morgan,LogisticRegression,5,1,0.9467040673211781,0.9598850089123266,0.8333333333333334,0.8709677419354839,0.782608695652174,0.8256070060696241,0.84375,0.8571428571428571,0.6577408605622689,0.6572637517630465
Morgan,LogisticRegression,5,2,0.9368863955119214,0.9444571169470348,0.8888888888888888,0.8709677419354839,0.9130434782608695,0.8917574875210129,0.9310344827586207,0.9,0.7774957785358391,0.7753120665742025
Morgan,LogisticRegression,5,3,0.938288920056101,0.9585408333581712,0.8888888888888888,0.8387096774193549,0.9565217391304348,0.8956807686171939,0.9629629629629629,0.896551724137931,0.7864561805867951,0.7777777777777778
Morgan,LogisticRegression,5,4,0.9517045454545454,0.9691232070998805,0.8148148148148148,0.84375,0.7727272727272727,0.8074581328859326,0.84375,0.84375,0.6164772727272727,0.6164772727272727
Morgan,LogisticRegression,5,5,0.9630681818181819,0.9756486751206116,0.9074074074074074,0.96875,0.8181818181818182,0.8902885129909497,0.8857142857142857,0.9253731343283582,0.8096785097382297,0.8040638606676342
Morgan,RandomForest,1,1,0.94109396914446,0.9576744977857512,0.8703703703703703,0.9032258064516129,0.8260869565217391,0.8637957267221842,0.875,0.8888888888888888,0.7339597585673386,0.7334273624823695
Morgan,RandomForest,1,2,0.9312762973352035,0.9308855811792894,0.8888888888888888,0.9032258064516129,0.8695652173913043,0.8862357162406246,0.9032258064516129,0.9032258064516129,0.7727910238429172,0.7727910238429172
Morgan,RandomForest,1,3,0.9467040673211781,0.9674725267704394,0.9074074074074074,0.8709677419354839,0.9565217391304348,0.9127428878072055,0.9642857142857143,0.9152542372881356,0.8189201495282816,0.8137931034482758
Morgan,RandomForest,1,4,0.9303977272727272,0.9539727921002755,0.8518518518518519,0.90625,0.7727272727272727,0.8368297861029392,0.8529411764705882,0.8787878787878788,0.6908553270314275,0.6887608069164265
Morgan,RandomForest,1,5,0.9446022727272727,0.9642074456582004,0.8518518518518519,0.90625,0.7727272727272727,0.8368297861029392,0.8529411764705882,0.8787878787878788,0.6908553270314275,0.6887608069164265
Morgan,RandomForest,2,1,0.8934081346423564,0.9220905269222806,0.7962962962962963,0.8064516129032258,0.782608695652174,0.7944407119985641,0.8333333333333334,0.819672131147541,0.5861898270389748,0.5857740585774058
Morgan,RandomForest,2,2,0.9130434782608696,0.9312876379399442,0.8518518518518519,0.9354838709677419,0.7391304347826086,0.8315314788271727,0.8285714285714286,0.8787878787878788,0.6985371191755261,0.6901004304160688
Morgan,RandomForest,2,3,0.967741935483871,0.9769413669319478,0.9444444444444444,0.967741935483871,0.9130434782608695,0.9399949270251938,0.9375,0.9523809523809523,0.8863975545774782,0.8857545839210155
Morgan,RandomForest,2,4,0.9403409090909092,0.9637130689009774,0.8518518518518519,0.84375,0.8636363636363636,0.8536352744692443,0.9,0.8709677419354839,0.6994823573056137,0.6974789915966386
Morgan,RandomForest,2,5,0.9772727272727273,0.9874263208659309,0.9444444444444444,0.90625,1.0,0.9519716382329886,1.0,0.9508196721311475,0.8930285549745876,0.8873435326842838
Morgan,RandomForest,3,1,0.9635343618513323,0.9731982760619364,0.8703703703703703,0.8709677419354839,0.8695652173913043,0.8702661971241572,0.9,0.8852459016393442,0.7369243539918541,0.7364016736401674
Morgan,RandomForest,3,2,0.8737727910238429,0.8844941914461798,0.7962962962962963,0.7741935483870968,0.8260869565217391,0.7997194458970361,0.8571428571428571,0.8135593220338984,0.5940641084713636,0.5903448275862069
Morgan,RandomForest,3,3,0.9565217391304348,0.967873638618246,0.9074074074074074,0.967741935483871,0.8260869565217391,0.8941135219771191,0.8823529411764706,0.9230769230769231,0.8128627270651106,0.8074179743223966
Morgan,RandomForest,3,4,0.9673295454545454,0.9797742449456159,0.9074074074074074,0.90625,0.9090909090909091,0.9076693430779935,0.9354838709677419,0.9206349206349206,0.8101786565724084,0.8095909732016925
Morgan,RandomForest,3,5,0.9190340909090909,0.9385650145096827,0.8333333333333334,0.90625,0.7272727272727273,0.8118441408859887,0.8285714285714286,0.8656716417910447,0.6518350457459395,0.6473149492017416
Morgan,RandomForest,4,1,0.9663394109396914,0.9779938432188691,0.8888888888888888,0.9032258064516129,0.8695652173913043,0.8862357162406246,0.9032258064516129,0.9032258064516129,0.7727910238429172,0.7727910238429172
Morgan,RandomForest,4,2,0.9957924263674613,0.9971537001897531,0.9259259259259259,0.967741935483871,0.8695652173913043,0.9173411178551378,0.9090909090909091,0.9375,0.8493035685849211,0.8468085106382979
Morgan,RandomForest,4,3,0.9326788218793829,0.9515598021054679,0.8333333333333334,0.8709677419354839,0.782608695652174,0.8256070060696241,0.84375,0.8571428571428571,0.6577408605622689,0.6572637517630465
Morgan,RandomForest,4,4,0.9346590909090908,0.9437432300114221,0.9074074074074074,0.96875,0.8181818181818182,0.8902885129909497,0.8857142857142857,0.9253731343283582,0.8096785097382297,0.8040638606676342
Morgan,RandomForest,4,5,0.8636363636363636,0.9062815705232474,0.7592592592592593,0.6875,0.8636363636363636,0.770551750371122,0.88,0.7719298245614035,0.5430957356271786,0.5250338294993235
Morgan,RandomForest,5,1,0.9270687237026647,0.94392499692823,0.8518518518518519,0.8709677419354839,0.8260869565217391,0.8482305648608138,0.8709677419354839,0.8709677419354839,0.697054698457223,0.697054698457223
Morgan,RandomForest,5,2,0.9509116409537167,0.9627577231119067,0.8888888888888888,0.9032258064516129,0.8695652173913043,0.8862357162406246,0.9032258064516129,0.9032258064516129,0.7727910238429172,0.7727910238429172
Morgan,RandomForest,5,3,0.9368863955119215,0.9578452053803037,0.8888888888888888,0.8709677419354839,0.9130434782608695,0.8917574875210129,0.9310344827586207,0.9,0.7774957785358391,0.7753120665742025
Morgan,RandomForest,5,4,0.9403409090909091,0.9635770099174705,0.8518518518518519,0.875,0.8181818181818182,0.8461141122266493,0.875,0.875,0.6931818181818182,0.6931818181818181
Morgan,RandomForest,5,5,0.9303977272727273,0.9457949671017987,0.9259259259259259,0.96875,0.8636363636363636,0.9146844960273063,0.9117647058823529,0.9393939393939394,0.8469481624276496,0.8443804034582132
Morgan,LightGBM,1,1,0.935483870967742,0.9537889027620688,0.9074074074074074,0.967741935483871,0.8260869565217391,0.8941135219771191,0.8823529411764706,0.9230769230769231,0.8128627270651106,0.8074179743223966
Morgan,LightGBM,1,2,0.9579242636746145,0.9765731049318072,0.9444444444444444,0.967741935483871,0.9130434782608695,0.9399949270251938,0.9375,0.9523809523809523,0.8863975545774782,0.8857545839210155
Morgan,LightGBM,1,3,0.9663394109396914,0.9792603565329834,0.9259259259259259,0.8709677419354839,1.0,0.9332565252573828,1.0,0.9310344827586207,0.8613567692141089,0.8518518518518519
Morgan,LightGBM,1,4,0.9588068181818182,0.9761175465296607,0.8518518518518519,0.90625,0.7727272727272727,0.8368297861029392,0.8529411764705882,0.8787878787878788,0.6908553270314275,0.6887608069164265
Morgan,LightGBM,1,5,0.9673295454545454,0.9819396989273241,0.9259259259259259,0.9375,0.9090909090909091,0.9231861823449955,0.9375,0.9375,0.8465909090909091,0.8465909090909091
Morgan,LightGBM,2,1,0.9467040673211782,0.960593300326337,0.8888888888888888,0.8709677419354839,0.9130434782608695,0.8917574875210129,0.9310344827586207,0.9,0.7774957785358391,0.7753120665742025
Morgan,LightGBM,2,2,0.9214586255259466,0.9366797133548418,0.8518518518518519,0.967741935483871,0.6956521739130435,0.8204948392318937,0.8108108108108109,0.8823529411764706,0.7063030035484253,0.6865021770682148
Morgan,LightGBM,2,3,0.9803646563814867,0.9871107202030449,0.9444444444444444,0.9354838709677419,0.9565217391304348,0.945944321398747,0.9666666666666667,0.9508196721311475,0.8876588809447333,0.8870292887029289
Morgan,LightGBM,2,4,0.9502840909090909,0.9755533652855082,0.9074074074074074,0.875,0.9545454545454546,0.9139076937674137,0.9655172413793104,0.9180327868852459,0.8174430659955472,0.8122392211404729
Morgan,LightGBM,2,5,0.9815340909090909,0.9909722222222223,0.9629629629629629,0.9375,1.0,0.9682458365518543,1.0,0.967741935483871,0.9270248108869579,0.9243697478991597
Morgan,LightGBM,3,1,0.9691444600280504,0.9798583633166862,0.9259259259259259,0.9354838709677419,0.9130434782608695,0.9241955677265118,0.9354838709677419,0.9354838709677419,0.8485273492286115,0.8485273492286115
Morgan,LightGBM,3,2,0.9172510518934082,0.9384776596407909,0.8703703703703703,0.8709677419354839,0.8695652173913043,0.8702661971241572,0.9,0.8852459016393442,0.7369243539918541,0.7364016736401674
Morgan,LightGBM,3,3,0.967741935483871,0.980190784333868,0.9074074074074074,0.9032258064516129,0.9130434782608695,0.9081213751352621,0.9333333333333333,0.9180327868852459,0.8122916174682937,0.8117154811715481
Morgan,LightGBM,3,4,0.9744318181818182,0.9876893939393939,0.9444444444444444,0.96875,0.9090909090909091,0.9384464919119353,0.9393939393939394,0.9538461538461539,0.8847804709079637,0.8841201716738197
Morgan,LightGBM,3,5,0.9382102272727273,0.9631315461814711,0.8518518518518519,0.96875,0.6818181818181818,0.8127185020881237,0.8157894736842105,0.8857142857142857,0.7000472578887171,0.6795252225519288
Morgan,LightGBM,4,1,0.9523141654978962,0.9672976541082507,0.8703703703703703,0.8387096774193549,0.9130434782608695,0.8750876533936585,0.9285714285714286,0.8813559322033898,0.7439681358426422,0.7393103448275862
Morgan,LightGBM,4,2,0.9957924263674613,0.9971537001897532,0.9814814814814815,0.967741935483871,1.0,0.9837387536759294,1.0,0.9836065573770492,0.963026144421173,0.9623430962343096
Morgan,LightGBM,4,3,0.9747545582047685,0.983759338560497,0.9259259259259259,0.9354838709677419,0.9130434782608695,0.9241955677265118,0.9354838709677419,0.9354838709677419,0.8485273492286115,0.8485273492286115
Morgan,LightGBM,4,4,0.9644886363636364,0.9772154317741382,0.8888888888888888,0.9375,0.8181818181818182,0.8758113121817134,0.8823529411764706,0.9090909090909091,0.7689017447295385,0.7665706051873199
Morgan,LightGBM,4,5,0.9375,0.9638335944570302,0.8518518518518519,0.84375,0.8636363636363636,0.8536352744692443,0.9,0.8709677419354839,0.6994823573056137,0.6974789915966386
Morgan,LightGBM,5,1,0.967741935483871,0.9766263712517113,0.8888888888888888,0.9032258064516129,0.8695652173913043,0.8862357162406246,0.9032258064516129,0.9032258064516129,0.7727910238429172,0.7727910238429172
Morgan,LightGBM,5,2,0.9663394109396914,0.9786027950598746,0.9074074074074074,0.9354838709677419,0.8695652173913043,0.9019225219630139,0.90625,0.9206349206349206,0.8101786565724084,0.8095909732016925
Morgan,LightGBM,5,3,0.9747545582047685,0.9834065397023289,0.9074074074074074,0.8709677419354839,0.9565217391304348,0.9127428878072055,0.9642857142857143,0.9152542372881356,0.8189201495282816,0.8137931034482758
Morgan,LightGBM,5,4,0.9900568181818182,0.9926756715773593,0.9444444444444444,1.0,0.8636363636363636,0.9293203772845852,0.9142857142857143,0.9552238805970149,0.8886002417343749,0.8824383164005806
Morgan,LightGBM,5,5,0.9566761363636364,0.9764412757094859,0.9074074074074074,0.9375,0.8636363636363636,0.8998105861285979,0.9090909090909091,0.9230769230769231,0.8074695559742582,0.8068669527896996
Morgan,XGBoost,1,1,0.9537166900420757,0.9616003313157766,0.9074074074074074,0.9354838709677419,0.8695652173913043,0.9019225219630139,0.90625,0.9206349206349206,0.8101786565724084,0.8095909732016925
Morgan,XGBoost,1,2,0.9537166900420758,0.9701840651617641,0.9444444444444444,0.9354838709677419,0.9565217391304348,0.945944321398747,0.9666666666666667,0.9508196721311475,0.8876588809447333,0.8870292887029289
Morgan,XGBoost,1,3,0.9635343618513325,0.9773117458126945,0.9259259259259259,0.8709677419354839,1.0,0.9332565252573828,1.0,0.9310344827586207,0.8613567692141089,0.8518518518518519
Morgan,XGBoost,1,4,0.9275568181818182,0.9514662669508177,0.8518518518518519,0.875,0.8181818181818182,0.8461141122266493,0.875,0.875,0.6931818181818182,0.6931818181818181
Morgan,XGBoost,1,5,0.9474431818181819,0.9594753007253738,0.9074074074074074,0.96875,0.8181818181818182,0.8902885129909497,0.8857142857142857,0.9253731343283582,0.8096785097382297,0.8040638606676342
Morgan,XGBoost,2,1,0.8835904628330996,0.9226554006966897,0.7962962962962963,0.7419354838709677,0.8695652173913043,0.8032193289024988,0.8846153846153846,0.8070175438596491,0.6051681104988658,0.5948158253751705
Morgan,XGBoost,2,2,0.9481065918653577,0.9585916799759598,0.9259259259259259,0.967741935483871,0.8695652173913043,0.9173411178551378,0.9090909090909091,0.9375,0.8493035685849211,0.8468085106382979
Morgan,XGBoost,2,3,0.97054698457223,0.97763597516729,0.9074074074074074,0.9354838709677419,0.8695652173913043,0.9019225219630139,0.90625,0.9206349206349206,0.8101786565724084,0.8095909732016925
Morgan,XGBoost,2,4,0.9247159090909092,0.9385300705669605,0.8888888888888888,0.90625,0.8636363636363636,0.8846866420069055,0.90625,0.90625,0.7698863636363636,0.7698863636363636
Morgan,XGBoost,2,5,0.9588068181818181,0.9797858842735094,0.9259259259259259,0.90625,0.9545454545454546,0.9300843070291092,0.9666666666666667,0.9354838709677419,0.8511773263598431,0.8487394957983193
Morgan,XGBoost,3,1,0.97054698457223,0.977346232942064,0.9259259259259259,0.9354838709677419,0.9130434782608695,0.9241955677265118,0.9354838709677419,0.9354838709677419,0.8485273492286115,0.8485273492286115
Morgan,XGBoost,3,2,0.9424964936886395,0.9469431578055474,0.8703703703703703,0.8064516129032258,0.9565217391304348,0.8782872532940107,0.9615384615384616,0.8771929824561403,0.7550721378701444,0.7421555252387448
Morgan,XGBoost,3,3,0.9396914446002805,0.9498820957383656,0.9259259259259259,0.9354838709677419,0.9130434782608695,0.9241955677265118,0.9354838709677419,0.9354838709677419,0.8485273492286115,0.8485273492286115
Morgan,XGBoost,3,4,0.9616477272727273,0.9745280198631314,0.9444444444444444,0.96875,0.9090909090909091,0.9384464919119353,0.9393939393939394,0.9538461538461539,0.8847804709079637,0.8841201716738197
Morgan,XGBoost,3,5,0.9076704545454546,0.9282759190406846,0.8888888888888888,0.96875,0.7727272727272727,0.8652049152972638,0.8611111111111112,0.9117647058823529,0.7728525967890878,0.763157894736842
Morgan,XGBoost,4,1,0.97054698457223,0.9825972118029507,0.9444444444444444,0.9032258064516129,1.0,0.9503819266229829,1.0,0.9491525423728814,0.8938721632139209,0.8882758620689655
Morgan,XGBoost,4,2,0.9985974754558204,0.9989919354838708,0.9444444444444444,1.0,0.8695652173913043,0.9325048082403138,0.9117647058823529,0.9538461538461539,0.8904150013787431,0.884450784593438
Morgan,XGBoost,4,3,0.8948106591865358,0.9005919938222144,0.8888888888888888,0.9354838709677419,0.8260869565217391,0.8790853336524943,0.8787878787878788,0.90625,0.772482140270707,0.7702127659574468
Morgan,XGBoost,4,4,0.9630681818181819,0.9706937091220844,0.9259259259259259,0.96875,0.8636363636363636,0.9146844960273063,0.9117647058823529,0.9393939393939394,0.8469481624276496,0.8443804034582132
Morgan,XGBoost,4,5,0.8948863636363636,0.9248195508485086,0.8148148148148148,0.78125,0.8636363636363636,0.8214109258409636,0.8928571428571429,0.8333333333333334,0.6341672842047628,0.6270718232044199
Morgan,XGBoost,5,1,0.94109396914446,0.9486174208920886,0.8888888888888888,0.9032258064516129,0.8695652173913043,0.8862357162406246,0.9032258064516129,0.9032258064516129,0.7727910238429172,0.7727910238429172
Morgan,XGBoost,5,2,0.9663394109396914,0.9803383382553473,0.9074074074074074,0.9354838709677419,0.8695652173913043,0.9019225219630139,0.90625,0.9206349206349206,0.8101786565724084,0.8095909732016925
Morgan,XGBoost,5,3,0.9733520336605891,0.9835246897926704,0.9259259259259259,0.8709677419354839,1.0,0.9332565252573828,1.0,0.9310344827586207,0.8613567692141089,0.8518518518518519
Morgan,XGBoost,5,4,0.9673295454545454,0.9816301970598846,0.9074074074074074,0.96875,0.8181818181818182,0.8902885129909497,0.8857142857142857,0.9253731343283582,0.8096785097382297,0.8040638606676342
Morgan,XGBoost,5,5,0.9161931818181818,0.9381361940278353,0.8333333333333334,0.9375,0.6818181818181818,0.7995026863335392,0.8108108108108109,0.8695652173913043,0.6552014305410454,0.642120765832106
Mordred,KNN,1,1,0.7833099579242637,0.7657249279640171,0.7962962962962963,0.8709677419354839,0.6956521739130435,0.778389750115939,0.7941176470588235,0.8307692307692308,0.5802059041242132,0.5763195435092725
Mordred,KNN,1,2,0.9565217391304348,0.9393939393939394,0.9629629629629629,1.0,0.9130434782608695,0.9555330859059091,0.9393939393939394,0.96875,0.926124996899135,0.9234042553191489
Mordred,KNN,1,3,0.7454417952314166,0.733958816501511,0.7592592592592593,0.8387096774193549,0.6521739130434783,0.7395840535260438,0.7647058823529411,0.8,0.5026536298105808,0.49928673323823103
Mordred,KNN,1,4,0.8778409090909091,0.8642429193899781,0.8888888888888888,0.9375,0.8181818181818182,0.8758113121817134,0.8823529411764706,0.9090909090909091,0.7689017447295385,0.7665706051873199
Mordred,KNN,1,5,0.8394886363636364,0.8285334967320261,0.8518518518518519,0.90625,0.7727272727272727,0.8368297861029392,0.8529411764705882,0.8787878787878788,0.6908553270314275,0.6887608069164265
Mordred,KNN,2,1,0.7840112201963534,0.7801672640382318,0.7777777777777778,0.7419354838709677,0.8260869565217391,0.7828813612588127,0.8518518518518519,0.7931034482758621,0.5617544147048537,0.5555555555555556
Mordred,KNN,2,2,0.891304347826087,0.8611111111111112,0.9074074074074074,1.0,0.782608695652174,0.8846517369293828,0.8611111111111112,0.9253731343283582,0.8209220690651828,0.8051948051948052
Mordred,KNN,2,3,0.859046283309958,0.8349497505095228,0.8703703703703703,0.9354838709677419,0.782608695652174,0.8556388327219091,0.8529411764705882,0.8923076923076924,0.7353104527514781,0.7303851640513552
Mordred,KNN,2,4,0.8323863636363636,0.818287037037037,0.8518518518518519,0.9375,0.7272727272727273,0.8257228238447705,0.8333333333333334,0.8823529411764706,0.6929023281557338,0.6842105263157894
Mordred,KNN,2,5,0.8082386363636362,0.8045066550925926,0.8148148148148148,0.84375,0.7727272727272727,0.8074581328859326,0.84375,0.84375,0.6164772727272727,0.6164772727272727
Mordred,KNN,3,1,0.8267882187938289,0.8089531063321386,0.8333333333333334,0.8709677419354839,0.782608695652174,0.8256070060696241,0.84375,0.8571428571428571,0.6577408605622689,0.6572637517630465
Mordred,KNN,3,2,0.8429172510518934,0.8219289670902574,0.8518518518518519,0.9032258064516129,0.782608695652174,0.840757022133315,0.8484848484848485,0.875,0.6956607119564931,0.6936170212765957
Mordred,KNN,3,3,0.7461430575035063,0.7449223416965352,0.7407407407407407,0.7096774193548387,0.782608695652174,0.7452514471606823,0.8148148148148148,0.7586206896551724,0.4868538260775398,0.4814814814814815
Mordred,KNN,3,4,0.8863636363636364,0.8648648648648649,0.9074074074074074,1.0,0.7727272727272727,0.8790490729915326,0.8648648648648649,0.927536231884058,0.8174990326016712,0.801178203240059
Mordred,KNN,3,5,0.8480113636363636,0.8301739239239239,0.8703703703703703,0.96875,0.7272727272727273,0.8393720596645177,0.8378378378378378,0.8985507246376812,0.7363502315713583,0.7216494845360825
Mordred,KNN,4,1,0.7671809256661992,0.753394156619963,0.7777777777777778,0.8387096774193549,0.6956521739130435,0.763839125980518,0.7878787878787878,0.8125,0.5420178553280652,0.5404255319148936
Mordred,KNN,4,2,0.9130434782608696,0.8857142857142857,0.9259259259259259,1.0,0.8260869565217391,0.9088932591463857,0.8857142857142857,0.9393939393939394,0.8553812124623386,0.8450502152080344
Mordred,KNN,4,3,0.859046283309958,0.8349497505095228,0.8703703703703703,0.9354838709677419,0.782608695652174,0.8556388327219091,0.8529411764705882,0.8923076923076924,0.7353104527514781,0.7303851640513552
Mordred,KNN,4,4,0.8849431818181818,0.8768446180555556,0.8888888888888888,0.90625,0.8636363636363636,0.8846866420069055,0.90625,0.90625,0.7698863636363636,0.7698863636363636
Mordred,KNN,4,5,0.7698863636363635,0.7712673611111112,0.7777777777777778,0.8125,0.7272727272727273,0.7687061147858074,0.8125,0.8125,0.5397727272727273,0.5397727272727273
Mordred,KNN,5,1,0.9403927068723703,0.9257765830346475,0.9444444444444444,0.967741935483871,0.9130434782608695,0.9399949270251938,0.9375,0.9523809523809523,0.8863975545774782,0.8857545839210155
Mordred,KNN,5,2,0.8807854137447406,0.8591289236450527,0.8888888888888888,0.9354838709677419,0.8260869565217391,0.8790853336524943,0.8787878787878788,0.90625,0.772482140270707,0.7702127659574468
Mordred,KNN,5,3,0.7131837307152875,0.7102747909199522,0.7222222222222222,0.7741935483870968,0.6521739130434783,0.7105693744488488,0.75,0.7619047619047619,0.4290841665470595,0.4287729196050776
Mordred,KNN,5,4,0.8238636363636362,0.8164983164983165,0.8333333333333334,0.875,0.7727272727272727,0.8222751143238883,0.8484848484848485,0.8615384615384616,0.652847726106847,0.6523605150214593
Mordred,KNN,5,5,0.7414772727272727,0.740162037037037,0.7777777777777778,0.9375,0.5454545454545454,0.7150969419341943,0.75,0.8333333333333334,0.5415001409024772,0.5120481927710844
Mordred,Bayesian,1,1,0.8920056100981767,0.9081490601451272,0.7777777777777778,0.7419354838709677,0.8260869565217391,0.7828813612588127,0.8518518518518519,0.7931034482758621,0.5617544147048537,0.5555555555555556
Mordred,Bayesian,1,2,0.8990182328190743,0.9350897647486197,0.8148148148148148,0.7741935483870968,0.8695652173913043,0.8204948392318937,0.8888888888888888,0.8275862068965517,0.6366550033321674,0.6296296296296297
Mordred,Bayesian,1,3,0.9228611500701263,0.946482020845863,0.8148148148148148,0.7096774193548387,0.9565217391304348,0.8239064749004521,0.9565217391304348,0.8148148148148148,0.6661991584852734,0.6375838926174497
Mordred,Bayesian,1,4,0.8650568181818182,0.8800470693328392,0.8333333333333334,0.90625,0.7272727272727273,0.8118441408859887,0.8285714285714286,0.8656716417910447,0.6518350457459395,0.6473149492017416
Mordred,Bayesian,1,5,0.9403409090909092,0.9577505876776814,0.8518518518518519,0.84375,0.8636363636363636,0.8536352744692443,0.9,0.8709677419354839,0.6994823573056137,0.6974789915966386
Mordred,Bayesian,2,1,0.847124824684432,0.8833795666143849,0.7222222222222222,0.7741935483870968,0.6521739130434783,0.7105693744488488,0.75,0.7619047619047619,0.4290841665470595,0.4287729196050776
Mordred,Bayesian,2,2,0.9116409537166901,0.940728280804992,0.7962962962962963,0.7096774193548387,0.9130434782608695,0.8049635640269315,0.9166666666666666,0.8,0.6196863885840591,0.5991902834008097
Mordred,Bayesian,2,3,0.9551192145862553,0.9617796053504004,0.9074074074074074,0.9354838709677419,0.8695652173913043,0.9019225219630139,0.90625,0.9206349206349206,0.8101786565724084,0.8095909732016925
Mordred,Bayesian,2,4,0.84375,0.8687183691861411,0.7777777777777778,0.75,0.8181818181818182,0.7833494518006403,0.8571428571428571,0.8,0.5587376953345927,0.5524861878453038
Mordred,Bayesian,2,5,0.9318181818181818,0.9579817151415534,0.8148148148148148,0.6875,1.0,0.82915619758885,1.0,0.8148148148148148,0.6875,0.6419098143236074
Mordred,Bayesian,3,1,0.8990182328190743,0.9332733763719885,0.7962962962962963,0.7419354838709677,0.8695652173913043,0.8032193289024988,0.8846153846153846,0.8070175438596491,0.6051681104988658,0.5948158253751705
Mordred,Bayesian,3,2,0.9270687237026648,0.9552585518067715,0.8333333333333334,0.7741935483870968,0.9130434782608695,0.840757022133315,0.9230769230769231,0.8421052631578947,0.6801201241845051,0.6684856753069577
Mordred,Bayesian,3,3,0.9032258064516129,0.924977296743942,0.8148148148148148,0.7741935483870968,0.8695652173913043,0.8204948392318937,0.8888888888888888,0.8275862068965517,0.6366550033321674,0.6296296296296297
Mordred,Bayesian,3,4,0.9232954545454545,0.9521668074616549,0.7777777777777778,0.75,0.8181818181818182,0.7833494518006403,0.8571428571428571,0.8,0.5587376953345927,0.5524861878453038
Mordred,Bayesian,3,5,0.8416193181818181,0.8354536788906308,0.8148148148148148,0.78125,0.8636363636363636,0.8214109258409636,0.8928571428571429,0.8333333333333334,0.6341672842047628,0.6270718232044199
Mordred,Bayesian,4,1,0.9621318373071528,0.9675631514474314,0.8703703703703703,0.8387096774193549,0.9130434782608695,0.8750876533936585,0.9285714285714286,0.8813559322033898,0.7439681358426422,0.7393103448275862
Mordred,Bayesian,4,2,0.9200561009817672,0.9475579814764796,0.8518518518518519,0.8064516129032258,0.9130434782608695,0.8580940424535353,0.9259259259259259,0.8620689655172413,0.7115555919594813,0.7037037037037037
Mordred,Bayesian,4,3,0.8520336605890603,0.8660545415732719,0.7592592592592593,0.8064516129032258,0.6956521739130435,0.7490058862731382,0.78125,0.7936507936507936,0.5053030645521293,0.5049365303244006
Mordred,Bayesian,4,4,0.8906249999999999,0.9215919172239421,0.8333333333333334,0.75,0.9545454545454546,0.8461141122266493,0.96,0.8421052631578947,0.6942667135852593,0.6711772665764547
Mordred,Bayesian,4,5,0.875,0.9073016273758613,0.7962962962962963,0.75,0.8636363636363636,0.8048150549829897,0.8888888888888888,0.8135593220338984,0.6030226891555273,0.5925925925925926
Mordred,Bayesian,5,1,0.9074333800841514,0.9190130967098036,0.7962962962962963,0.7419354838709677,0.8695652173913043,0.8032193289024988,0.8846153846153846,0.8070175438596491,0.6051681104988658,0.5948158253751705
Mordred,Bayesian,5,2,0.9242636746143058,0.9445162326496808,0.7962962962962963,0.8387096774193549,0.7391304347826086,0.7873473493492877,0.8125,0.8253968253968254,0.581521962557199,0.5811001410437235
Mordred,Bayesian,5,3,0.9060308555399719,0.9389156949016734,0.8148148148148148,0.7419354838709677,0.9130434782608695,0.8230548917531015,0.92,0.8214285714285714,0.6495358292955936,0.6336499321573948
Mordred,Bayesian,5,4,0.9417613636363635,0.9617966011586169,0.8333333333333334,0.78125,0.9090909090909091,0.8427498280790526,0.9259259259259259,0.847457627118644,0.6784005252999682,0.6666666666666667
Mordred,Bayesian,5,5,0.8267045454545454,0.8525752177561623,0.7962962962962963,0.8125,0.7727272727272727,0.7923641265800144,0.8387096774193549,0.8253968253968254,0.581521962557199,0.5811001410437235
Mordred,LogisticRegression,1,1,0.9523141654978963,0.9692735432485691,0.8703703703703703,0.9032258064516129,0.8260869565217391,0.8637957267221842,0.875,0.8888888888888888,0.7339597585673386,0.7334273624823695
Mordred,LogisticRegression,1,2,0.9789621318373072,0.9832007942076553,0.9444444444444444,0.967741935483871,0.9130434782608695,0.9399949270251938,0.9375,0.9523809523809523,0.8863975545774782,0.8857545839210155
Mordred,LogisticRegression,1,3,0.9635343618513325,0.9775234131113422,0.9074074074074074,0.8709677419354839,0.9565217391304348,0.9127428878072055,0.9642857142857143,0.9152542372881356,0.8189201495282816,0.8137931034482758
Mordred,LogisticRegression,1,4,0.9715909090909091,0.9798754153949439,0.9074074074074074,0.90625,0.9090909090909091,0.9076693430779935,0.9354838709677419,0.9206349206349206,0.8101786565724084,0.8095909732016925
Mordred,LogisticRegression,1,5,0.9446022727272727,0.9700177392654135,0.8703703703703703,0.90625,0.8181818181818182,0.8610907459305743,0.8787878787878788,0.8923076923076924,0.7301586410405526,0.7296137339055794
Mordred,LogisticRegression,2,1,0.9438990182328191,0.9667103283757446,0.8888888888888888,0.8387096774193549,0.9565217391304348,0.8956807686171939,0.9629629629629629,0.896551724137931,0.7864561805867951,0.7777777777777778
Mordred,LogisticRegression,2,2,0.9887798036465638,0.9925182976416371,0.9074074074074074,0.9354838709677419,0.8695652173913043,0.9019225219630139,0.90625,0.9206349206349206,0.8101786565724084,0.8095909732016925
Mordred,LogisticRegression,2,3,0.9845722300140253,0.991091596659983,0.9259259259259259,0.967741935483871,0.8695652173913043,0.9173411178551378,0.9090909090909091,0.9375,0.8493035685849211,0.8468085106382979
Mordred,LogisticRegression,2,4,0.9460227272727273,0.9685519819026307,0.9074074074074074,0.875,0.9545454545454546,0.9139076937674137,0.9655172413793104,0.9180327868852459,0.8174430659955472,0.8122392211404729
Mordred,LogisticRegression,2,5,0.9403409090909091,0.9567061684246181,0.8333333333333334,0.875,0.7727272727272727,0.8222751143238883,0.8484848484848485,0.8615384615384616,0.652847726106847,0.6523605150214593
Mordred,LogisticRegression,3,1,0.9635343618513323,0.975231352960994,0.9074074074074074,0.9032258064516129,0.9130434782608695,0.9081213751352621,0.9333333333333333,0.9180327868852459,0.8122916174682937,0.8117154811715481
Mordred,LogisticRegression,3,2,0.9326788218793829,0.9598782542568121,0.8518518518518519,0.8064516129032258,0.9130434782608695,0.8580940424535353,0.9259259259259259,0.8620689655172413,0.7115555919594813,0.7037037037037037
Mordred,LogisticRegression,3,3,0.9537166900420758,0.9671866448246051,0.9259259259259259,0.9354838709677419,0.9130434782608695,0.9241955677265118,0.9354838709677419,0.9354838709677419,0.8485273492286115,0.8485273492286115
Mordred,LogisticRegression,3,4,0.9730113636363638,0.9821980285606537,0.8888888888888888,0.96875,0.7727272727272727,0.8652049152972638,0.8611111111111112,0.9117647058823529,0.7728525967890878,0.763157894736842
Mordred,LogisticRegression,3,5,0.9744318181818182,0.9846651926613992,0.9074074074074074,0.9375,0.8636363636363636,0.8998105861285979,0.9090909090909091,0.9230769230769231,0.8074695559742582,0.8068669527896996
Mordred,LogisticRegression,4,1,0.9537166900420757,0.9725399720611757,0.8888888888888888,0.8709677419354839,0.9130434782608695,0.8917574875210129,0.9310344827586207,0.9,0.7774957785358391,0.7753120665742025
Mordred,LogisticRegression,4,2,0.9593267882187938,0.9715470626267645,0.8333333333333334,0.9032258064516129,0.7391304347826086,0.8170689585521242,0.8235294117647058,0.8615384615384616,0.6577581784378457,0.6533523537803139
Mordred,LogisticRegression,4,3,0.9593267882187938,0.9720729741979723,0.8518518518518519,0.9032258064516129,0.782608695652174,0.840757022133315,0.8484848484848485,0.875,0.6956607119564931,0.6936170212765957
Mordred,LogisticRegression,4,4,0.9786931818181818,0.9860426867878724,0.8888888888888888,0.875,0.9090909090909091,0.8918825850158447,0.9333333333333333,0.9032258064516129,0.7753298418327284,0.7731092436974789
Mordred,LogisticRegression,4,5,0.9573863636363636,0.9723464641060322,0.8518518518518519,0.8125,0.9090909090909091,0.8594395636904107,0.9285714285714286,0.8666666666666667,0.7095968730749328,0.7016574585635359
Mordred,LogisticRegression,5,1,0.9817671809256663,0.987887224782386,0.9259259259259259,0.9032258064516129,0.9565217391304348,0.9294918607575788,0.9655172413793104,0.9333333333333333,0.8526027052638092,0.8502080443828016
Mordred,LogisticRegression,5,2,0.9719495091164095,0.9840879258397772,0.9074074074074074,0.967741935483871,0.8260869565217391,0.8941135219771191,0.8823529411764706,0.9230769230769231,0.8128627270651106,0.8074179743223966
Mordred,LogisticRegression,5,3,0.9326788218793829,0.9590787378579406,0.8333333333333334,0.8387096774193549,0.8260869565217391,0.8323743898178778,0.8666666666666667,0.8524590163934426,0.6615570905154144,0.6610878661087867
Mordred,LogisticRegression,5,4,0.9829545454545454,0.98944462971946,0.9444444444444444,0.9375,0.9545454545454546,0.9459843358303369,0.967741935483871,0.9523809523809523,0.8863975545774782,0.8857545839210155
Mordred,LogisticRegression,5,5,0.9375,0.9528522300778541,0.8703703703703703,0.90625,0.8181818181818182,0.8610907459305743,0.8787878787878788,0.8923076923076924,0.7301586410405526,0.7296137339055794
Mordred,RandomForest,1,1,0.9509116409537167,0.9638332762392278,0.8888888888888888,0.9354838709677419,0.8260869565217391,0.8790853336524943,0.8787878787878788,0.90625,0.772482140270707,0.7702127659574468
Mordred,RandomForest,1,2,0.9901823281907434,0.9929499552880106,0.9444444444444444,0.967741935483871,0.9130434782608695,0.9399949270251938,0.9375,0.9523809523809523,0.8863975545774782,0.8857545839210155
Mordred,RandomForest,1,3,0.9551192145862553,0.9700360715594128,0.8148148148148148,0.7096774193548387,0.9565217391304348,0.8239064749004521,0.9565217391304348,0.8148148148148148,0.6661991584852734,0.6375838926174497
Mordred,RandomForest,1,4,0.9801136363636364,0.9869434406928068,0.9259259259259259,0.96875,0.8636363636363636,0.9146844960273063,0.9117647058823529,0.9393939393939394,0.8469481624276496,0.8443804034582132
Mordred,RandomForest,1,5,0.9559659090909091,0.9746736109866634,0.8888888888888888,0.90625,0.8636363636363636,0.8846866420069055,0.90625,0.90625,0.7698863636363636,0.7698863636363636
Mordred,RandomForest,2,1,0.908835904628331,0.937833389058568,0.7777777777777778,0.8064516129032258,0.7391304347826086,0.7720575958283794,0.8064516129032258,0.8064516129032258,0.5455820476858345,0.5455820476858345
Mordred,RandomForest,2,2,0.9817671809256662,0.9869244155440285,0.8703703703703703,0.8387096774193549,0.9130434782608695,0.8750876533936585,0.9285714285714286,0.8813559322033898,0.7439681358426422,0.7393103448275862
Mordred,RandomForest,2,3,0.9901823281907434,0.9940577249575551,0.9444444444444444,0.967741935483871,0.9130434782608695,0.9399949270251938,0.9375,0.9523809523809523,0.8863975545774782,0.8857545839210155
Mordred,RandomForest,2,4,0.953125,0.9715415875146745,0.9074074074074074,0.90625,0.9090909090909091,0.9076693430779935,0.9354838709677419,0.9206349206349206,0.8101786565724084,0.8095909732016925
Mordred,RandomForest,2,5,0.955965909090909,0.9710848072935467,0.9074074074074074,0.9375,0.8636363636363636,0.8998105861285979,0.9090909090909091,0.9230769230769231,0.8074695559742582,0.8068669527896996
Mordred,RandomForest,3,1,0.9761570827489482,0.9845207698308364,0.9259259259259259,0.9032258064516129,0.9565217391304348,0.9294918607575788,0.9655172413793104,0.9333333333333333,0.8526027052638092,0.8502080443828016
Mordred,RandomForest,3,2,0.938288920056101,0.9649664425302611,0.8518518518518519,0.8387096774193549,0.8695652173913043,0.8539981047832319,0.896551724137931,0.8666666666666667,0.7023888518078689,0.7004160887656032
Mordred,RandomForest,3,3,0.9551192145862553,0.9660238503263974,0.9259259259259259,0.9354838709677419,0.9130434782608695,0.9241955677265118,0.9354838709677419,0.9354838709677419,0.8485273492286115,0.8485273492286115
Mordred,RandomForest,3,4,0.9730113636363636,0.9814868780835485,0.9074074074074074,0.9375,0.8636363636363636,0.8998105861285979,0.9090909090909091,0.9230769230769231,0.8074695559742582,0.8068669527896996
Mordred,RandomForest,3,5,0.9815340909090908,0.9881626359626834,0.9259259259259259,0.96875,0.8636363636363636,0.9146844960273063,0.9117647058823529,0.9393939393939394,0.8469481624276496,0.8443804034582132
Mordred,RandomForest,4,1,0.9691444600280505,0.9813264805478374,0.9444444444444444,0.9354838709677419,0.9565217391304348,0.945944321398747,0.9666666666666667,0.9508196721311475,0.8876588809447333,0.8870292887029289
Mordred,RandomForest,4,2,0.9761570827489481,0.9812923806128434,0.9259259259259259,0.967741935483871,0.8695652173913043,0.9173411178551378,0.9090909090909091,0.9375,0.8493035685849211,0.8468085106382979
Mordred,RandomForest,4,3,0.9340813464235624,0.9485046865475809,0.8518518518518519,0.9032258064516129,0.782608695652174,0.840757022133315,0.8484848484848485,0.875,0.6956607119564931,0.6936170212765957
Mordred,RandomForest,4,4,0.9701704545454545,0.9819041147801645,0.9444444444444444,0.96875,0.9090909090909091,0.9384464919119353,0.9393939393939394,0.9538461538461539,0.8847804709079637,0.8841201716738197
Mordred,RandomForest,4,5,0.9573863636363636,0.9753494526642081,0.8333333333333334,0.8125,0.8636363636363636,0.8376780679082779,0.896551724137931,0.8524590163934426,0.6662720880374665,0.6620305980528511
Mordred,RandomForest,5,1,0.9817671809256661,0.9880795021273687,0.9074074074074074,0.9354838709677419,0.8695652173913043,0.9019225219630139,0.90625,0.9206349206349206,0.8101786565724084,0.8095909732016925
Mordred,RandomForest,5,2,0.9803646563814866,0.9889816204051012,0.9444444444444444,0.967741935483871,0.9130434782608695,0.9399949270251938,0.9375,0.9523809523809523,0.8863975545774782,0.8857545839210155
Mordred,RandomForest,5,3,0.9607293127629735,0.9730076379175735,0.8518518518518519,0.8064516129032258,0.9130434782608695,0.8580940424535353,0.9259259259259259,0.8620689655172413,0.7115555919594813,0.7037037037037037
Mordred,RandomForest,5,4,0.9673295454545454,0.978302818349436,0.9074074074074074,0.9375,0.8636363636363636,0.8998105861285979,0.9090909090909091,0.9230769230769231,0.8074695559742582,0.8068669527896996
Mordred,RandomForest,5,5,0.9332386363636364,0.9552370785895568,0.8703703703703703,0.90625,0.8181818181818182,0.8610907459305743,0.8787878787878788,0.8923076923076924,0.7301586410405526,0.7296137339055794
Mordred,LightGBM,1,1,0.9453015427769986,0.9578518149344604,0.9074074074074074,0.967741935483871,0.8260869565217391,0.8941135219771191,0.8823529411764706,0.9230769230769231,0.8128627270651106,0.8074179743223966
Mordred,LightGBM,1,2,1.0,0.9999999999999998,0.9629629629629629,1.0,0.9130434782608695,0.9555330859059091,0.9393939393939394,0.96875,0.926124996899135,0.9234042553191489
Mordred,LightGBM,1,3,0.9410939691444601,0.9638393335938805,0.8703703703703703,0.8709677419354839,0.8695652173913043,0.8702661971241572,0.9,0.8852459016393442,0.7369243539918541,0.7364016736401674
Mordred,LightGBM,1,4,0.9900568181818181,0.9940892269736842,0.9629629629629629,0.96875,0.9545454545454546,0.9616214999109105,0.96875,0.96875,0.9232954545454546,0.9232954545454546
Mordred,LightGBM,1,5,0.9517045454545453,0.9750767433731143,0.9074074074074074,0.90625,0.9090909090909091,0.9076693430779935,0.9354838709677419,0.9206349206349206,0.8101786565724084,0.8095909732016925
Mordred,LightGBM,2,1,0.9144460028050492,0.9328918850127744,0.8518518518518519,0.8064516129032258,0.9130434782608695,0.8580940424535353,0.9259259259259259,0.8620689655172413,0.7115555919594813,0.7037037037037037
Mordred,LightGBM,2,2,0.9845722300140253,0.9883776964327933,0.9259259259259259,0.9354838709677419,0.9130434782608695,0.9241955677265118,0.9354838709677419,0.9354838709677419,0.8485273492286115,0.8485273492286115
Mordred,LightGBM,2,3,0.9831697054698457,0.9909977494373592,0.9814814814814815,0.967741935483871,1.0,0.9837387536759294,1.0,0.9836065573770492,0.963026144421173,0.9623430962343096
Mordred,LightGBM,2,4,0.9659090909090909,0.9796977409898016,0.9074074074074074,0.9375,0.8636363636363636,0.8998105861285979,0.9090909090909091,0.9230769230769231,0.8074695559742582,0.8068669527896996
Mordred,LightGBM,2,5,0.953125,0.9724545125716917,0.8148148148148148,0.84375,0.7727272727272727,0.8074581328859326,0.84375,0.84375,0.6164772727272727,0.6164772727272727
Mordred,LightGBM,3,1,0.9663394109396914,0.9794848278398719,0.9259259259259259,0.9032258064516129,0.9565217391304348,0.9294918607575788,0.9655172413793104,0.9333333333333333,0.8526027052638092,0.8502080443828016
Mordred,LightGBM,3,2,0.9523141654978963,0.9722632233859572,0.9074074074074074,0.8709677419354839,0.9565217391304348,0.9127428878072055,0.9642857142857143,0.9152542372881356,0.8189201495282816,0.8137931034482758
Mordred,LightGBM,3,3,0.9495091164095372,0.9724907155349962,0.9444444444444444,0.9354838709677419,0.9565217391304348,0.945944321398747,0.9666666666666667,0.9508196721311475,0.8876588809447333,0.8870292887029289
Mordred,LightGBM,3,4,0.9801136363636364,0.9858279226754156,0.9629629629629629,1.0,0.9090909090909091,0.9534625892455924,0.9411764705882353,0.9696969696969697,0.9249945801257606,0.9221902017291066
Mordred,LightGBM,3,5,0.9928977272727272,0.9955512152777778,0.9444444444444444,0.96875,0.9090909090909091,0.9384464919119353,0.9393939393939394,0.9538461538461539,0.8847804709079637,0.8841201716738197
Mordred,LightGBM,4,1,0.9733520336605891,0.9842224979321752,0.9444444444444444,0.9354838709677419,0.9565217391304348,0.945944321398747,0.9666666666666667,0.9508196721311475,0.8876588809447333,0.8870292887029289
Mordred,LightGBM,4,2,0.9817671809256662,0.9877854840357034,0.9259259259259259,0.967741935483871,0.8695652173913043,0.9173411178551378,0.9090909090909091,0.9375,0.8493035685849211,0.8468085106382979
Mordred,LightGBM,4,3,0.9523141654978964,0.9685220041212941,0.9074074074074074,0.9354838709677419,0.8695652173913043,0.9019225219630139,0.90625,0.9206349206349206,0.8101786565724084,0.8095909732016925
Mordred,LightGBM,4,4,0.9928977272727273,0.9952597607958139,0.9259259259259259,0.9375,0.9090909090909091,0.9231861823449955,0.9375,0.9375,0.8465909090909091,0.8465909090909091
Mordred,LightGBM,4,5,0.9857954545454546,0.9914367492492493,0.9444444444444444,0.9375,0.9545454545454546,0.9459843358303369,0.967741935483871,0.9523809523809523,0.8863975545774782,0.8857545839210155
Mordred,LightGBM,5,1,0.9957924263674613,0.9971537001897531,0.9629629629629629,0.967741935483871,0.9565217391304348,0.9621154811967664,0.967741935483871,0.967741935483871,0.9242636746143057,0.9242636746143058
Mordred,LightGBM,5,2,0.9747545582047686,0.9881500987491769,0.9629629629629629,0.967741935483871,0.9565217391304348,0.9621154811967664,0.967741935483871,0.967741935483871,0.9242636746143057,0.9242636746143058
Mordred,LightGBM,5,3,0.9761570827489481,0.983452348051494,0.9074074074074074,0.8709677419354839,0.9565217391304348,0.9127428878072055,0.9642857142857143,0.9152542372881356,0.8189201495282816,0.8137931034482758
Mordred,LightGBM,5,4,0.9701704545454546,0.9808933422635279,0.9259259259259259,0.9375,0.9090909090909091,0.9231861823449955,0.9375,0.9375,0.8465909090909091,0.8465909090909091
Mordred,LightGBM,5,5,0.9431818181818181,0.9642019158607544,0.9074074074074074,0.9375,0.8636363636363636,0.8998105861285979,0.9090909090909091,0.9230769230769231,0.8074695559742582,0.8068669527896996
Mordred,XGBoost,1,1,0.9537166900420757,0.9638983330569566,0.9074074074074074,0.967741935483871,0.8260869565217391,0.8941135219771191,0.8823529411764706,0.9230769230769231,0.8128627270651106,0.8074179743223966
Mordred,XGBoost,1,2,0.9957924263674615,0.9970043830605744,0.9629629629629629,1.0,0.9130434782608695,0.9555330859059091,0.9393939393939394,0.96875,0.926124996899135,0.9234042553191489
Mordred,XGBoost,1,3,0.9537166900420757,0.9728066226591157,0.9259259259259259,0.9032258064516129,0.9565217391304348,0.9294918607575788,0.9655172413793104,0.9333333333333333,0.8526027052638092,0.8502080443828016
Mordred,XGBoost,1,4,0.9815340909090909,0.9887698658868014,0.9259259259259259,0.9375,0.9090909090909091,0.9231861823449955,0.9375,0.9375,0.8465909090909091,0.8465909090909091
Mordred,XGBoost,1,5,0.9545454545454545,0.974690476727307,0.8888888888888888,0.90625,0.8636363636363636,0.8846866420069055,0.90625,0.90625,0.7698863636363636,0.7698863636363636
Mordred,XGBoost,2,1,0.9186535764375876,0.9430691140841911,0.8333333333333334,0.9032258064516129,0.7391304347826086,0.8170689585521242,0.8235294117647058,0.8615384615384616,0.6577581784378457,0.6533523537803139
Mordred,XGBoost,2,2,0.9887798036465638,0.9930171422312283,0.9259259259259259,0.967741935483871,0.8695652173913043,0.9173411178551378,0.9090909090909091,0.9375,0.8493035685849211,0.8468085106382979
Mordred,XGBoost,2,3,0.9887798036465638,0.9933829611248964,0.9259259259259259,0.967741935483871,0.8695652173913043,0.9173411178551378,0.9090909090909091,0.9375,0.8493035685849211,0.8468085106382979
Mordred,XGBoost,2,4,0.9588068181818181,0.9781836952632321,0.9444444444444444,0.9375,0.9545454545454546,0.9459843358303369,0.967741935483871,0.9523809523809523,0.8863975545774782,0.8857545839210155
Mordred,XGBoost,2,5,0.9545454545454546,0.9696234253115621,0.8518518518518519,0.90625,0.7727272727272727,0.8368297861029392,0.8529411764705882,0.8787878787878788,0.6908553270314275,0.6887608069164265
Mordred,XGBoost,3,1,0.9719495091164096,0.9824102490626356,0.9259259259259259,0.9032258064516129,0.9565217391304348,0.9294918607575788,0.9655172413793104,0.9333333333333333,0.8526027052638092,0.8502080443828016
Mordred,XGBoost,3,2,0.9523141654978963,0.974555628703094,0.9444444444444444,0.9032258064516129,1.0,0.9503819266229829,1.0,0.9491525423728814,0.8938721632139209,0.8882758620689655
Mordred,XGBoost,3,3,0.9621318373071529,0.9762463254554824,0.9259259259259259,0.9354838709677419,0.9130434782608695,0.9241955677265118,0.9354838709677419,0.9354838709677419,0.8485273492286115,0.8485273492286115
Mordred,XGBoost,3,4,0.984375,0.9897070375070849,0.9259259259259259,1.0,0.8181818181818182,0.9045340337332909,0.8888888888888888,0.9411764705882353,0.8528028654224417,0.8421052631578947
Mordred,XGBoost,3,5,0.9857954545454546,0.9916336726998491,0.9259259259259259,0.9375,0.9090909090909091,0.9231861823449955,0.9375,0.9375,0.8465909090909091,0.8465909090909091
Mordred,XGBoost,4,1,0.9831697054698457,0.989375140988044,0.9444444444444444,0.9354838709677419,0.9565217391304348,0.945944321398747,0.9666666666666667,0.9508196721311475,0.8876588809447333,0.8870292887029289
Mordred,XGBoost,4,2,0.9747545582047685,0.9848716856127773,0.9074074074074074,0.967741935483871,0.8260869565217391,0.8941135219771191,0.8823529411764706,0.9230769230769231,0.8128627270651106,0.8074179743223966
Mordred,XGBoost,4,3,0.9495091164095372,0.9632675683097823,0.8888888888888888,0.9354838709677419,0.8260869565217391,0.8790853336524943,0.8787878787878788,0.90625,0.772482140270707,0.7702127659574468
Mordred,XGBoost,4,4,0.9701704545454546,0.980502743332358,0.8888888888888888,0.9375,0.8181818181818182,0.8758113121817134,0.8823529411764706,0.9090909090909091,0.7689017447295385,0.7665706051873199
Mordred,XGBoost,4,5,0.9715909090909091,0.9837162481271579,0.8888888888888888,0.90625,0.8636363636363636,0.8846866420069055,0.90625,0.90625,0.7698863636363636,0.7698863636363636
Mordred,XGBoost,5,1,0.9887798036465638,0.9923055439184469,0.9259259259259259,0.967741935483871,0.8695652173913043,0.9173411178551378,0.9090909090909091,0.9375,0.8493035685849211,0.8468085106382979
Mordred,XGBoost,5,2,0.9775596072931277,0.9884404831923267,0.9629629629629629,0.967741935483871,0.9565217391304348,0.9621154811967664,0.967741935483871,0.967741935483871,0.9242636746143057,0.9242636746143058
Mordred,XGBoost,5,3,0.9396914446002804,0.9639965857783526,0.8888888888888888,0.8387096774193549,0.9565217391304348,0.8956807686171939,0.9629629629629629,0.896551724137931,0.7864561805867951,0.7777777777777778
Mordred,XGBoost,5,4,0.9701704545454546,0.9798165824361342,0.9074074074074074,0.90625,0.9090909090909091,0.9076693430779935,0.9354838709677419,0.9206349206349206,0.8101786565724084,0.8095909732016925
Mordred,XGBoost,5,5,0.9644886363636362,0.9759050217120403,0.9074074074074074,0.9375,0.8636363636363636,0.8998105861285979,0.9090909090909091,0.9230769230769231,0.8074695559742582,0.8068669527896996
