Name,CANONICAL_SMILES,CLASS
DILI1060,C=CCOc1ccccc1OCC(O)CNC(C)C,0
DILI0008,CCCCCCCCNC(C)C(O)c1ccc(SC(C)C)cc1,1
DILI0540,CC(=O)Oc1cc(C(C)C)c(OCCN(C)C)cc1C,1
DILI1080,C=Cc1ccccc1S(=O)(=O)O,0
DILI1084,CCCNC(C)C(=O)Nc1ccccc1C,0
DILI1085,CCN(CC)CCOC(=O)c1ccc(N)cc1,0
DILI0030,CC(N)C(=O)OC(C)(C)Cc1ccc(Cl)cc1,1
DILI1087,CCCOc1ccc(C(=O)OCCN(CC)CC)cc1N,0
DILI0552,CC(C)Cc1ccc(CC(=O)O)cc1,1
DILI0036,CC(NN)c1ccccc1,1
DILI0039,NC(=O)NS(=O)(=O)c1ccc(N)cc1,1
DILI0041,C=CCOc1ccc(CC(=O)O)cc1Cl,1
DILI1101,CCN(C)C(=O)Oc1cccc(C(C)N(C)C)c1,0
DILI0047,CC(COc1ccccc1)NN,1
DILI0058,Nc1ccc(S(N)(=O)=O)cc1,1
DILI1116,CC(=O)NS(=O)(=O)c1ccc(N)cc1,0
DILI0582,CC(=O)Nc1ccc(O)cc1,1
DILI0065,Brc1ccccc1,1
DILI1128,O=P(O)(O)C(Sc1ccc(Cl)cc1)P(=O)(O)O,0
DILI0595,NC(=O)OCC(COC(N)=O)c1ccccc1,1
DILI0078,CCCCC(CC)COC(=O)C=Cc1ccc(OC)cc1,1
DILI0079,N#CC(C#N)=NNc1ccc(OC(F)(F)F)cc1,1
DILI0598,CC(C)C(=O)Nc1ccc([N+](=O)[O-])c(C(F)(F)F)c1,1
DILI0082,Oc1ccc(Br)cc1,1
DILI1144,CCCC(=O)Nc1c(I)cc(I)c(CC(CC)C(=O)O)c1I,0
DILI1150,O=C(CCCCCCC(O)=NO)Nc1ccccc1,0
DILI0095,Cc1c([N+](=O)[O-])cc([N+](=O)[O-])cc1[N+](=O)[O-],1
DILI0096,O=[N+]([O-])c1ccc(O)c([N+](=O)[O-])c1,1
DILI0620,CC(Cc1ccc(O)c(O)c1)(NN)C(=O)O,1
DILI1157,CCCCOc1cc(C(=O)OCCN(CC)CC)ccc1N,0
DILI0624,CC(N)(Cc1ccc(O)c(O)c1)C(=O)O,1
DILI1168,CC(=O)NCc1c(I)c(NC(C)=O)c(I)c(C(=O)O)c1I,0
DILI1169,CCOC(=O)CCCCCCCCC(C)c1ccccc1I,0
DILI0114,CC(=O)Nc1ccc(C=NNC(N)=S)cc1,1
DILI1171,COCC(NC(C)=O)C(=O)NCc1ccccc1,0
DILI1182,CCCCCCCCCc1ccc(OCCO)cc1,0
DILI0127,NCC(CC(=O)O)c1ccc(Cl)cc1,1
DILI0132,CC(C)NCC(O)COc1ccc(COCCOC(C)C)cc1,1
DILI0653,COc1cc(C)c(C=CC(C)=CC=CC(C)=CC(=O)O)c(C)c1C,1
DILI1196,CC(=O)Nc1c(I)c(NC(C)=O)c(I)c(C(=O)O)c1I,0
DILI1197,CC(=O)Oc1ccccc1C(=O)O,0
DILI0143,CCCCNC(=O)NS(=O)(=O)c1ccc(N)cc1,1
DILI0667,CCCNC(=O)NS(=O)(=O)c1ccc(Cl)cc1,1
DILI0669,CCOC(=O)C(C)(C)Oc1ccc(Cl)cc1,1
DILI1208,COCCCCC(=NOCCN)c1ccc(C(F)(F)F)cc1,0
DILI1209,COc1ccccc1OCC(O)CO,0
DILI1215,CC(C)NCC(O)c1cc(O)cc(O)c1,0
DILI0686,Cc1ccc(C)c(OCCCC(C)(C)C(=O)O)c1,1
DILI0167,O=C(O)CCCc1ccc(N(CCCl)CCCl)cc1,1
DILI0168,O=C(NC(CO)C(O)c1ccc([N+](=O)[O-])cc1)C(Cl)Cl,1
DILI1230,CNCC(O)c1ccc(O)c(O)c1,0
DILI1231,CC(N)Cc1ccccc1,0
DILI0173,ClCc1ccccc1,1
DILI1238,CNC(C)C(O)c1ccccc1,0
DILI0703,CCN(CC)CCNC(=O)c1cc(Cl)c(N)cc1OC,1
DILI1240,CNC(C)Cc1ccccc1,0
DILI0705,Cc1cccc(C)c1OCC(C)N,1
DILI0183,COCCCCC(=NOCCN)c1ccc(Cl)cc1,1
DILI0184,COc1c(O)c(C)c(C=CC(C)=CCC=C(C)CCC=C(C)CCC=C(C)CCC=C(C)CCC=C(C)CCC=C(C)CCC=C(C)CCC=C(C)CCC=C(C)C)c(O)c1OC,1
DILI0185,Cc1ccc(O)cc1,1
DILI0711,Nc1ccc(C(=O)O)c(O)c1,1
DILI0712,CCOc1ccc(NC(C)=O)cc1,1
DILI0714,CNNCc1ccc(C(=O)NC(C)C)cc1,1
DILI1248,COC(=O)CCc1ccc(OCC(O)CNC(C)C)cc1,0
DILI1251,CC(O)C(=O)Nc1c(I)c(C(=O)NC(CO)CO)c(I)c(C(=O)NC(CO)CO)c1I,0
DILI0718,CC(C)(C)NCC(O)c1cc(O)cc(O)c1,1
DILI0721,CCCCNC(=O)NS(=O)(=O)c1ccc(C)cc1,1
DILI0197,CCNC(C)Cc1cccc(C(F)(F)F)c1,1
DILI1255,NCC(O)c1ccc(O)c(O)c1,0
DILI1259,CC(N)(Cc1ccc(O)cc1)C(=O)O,0
DILI0206,O=[N+]([O-])c1cccc([N+](=O)[O-])c1,1
DILI1269,NCCc1ccc(O)c(O)c1,0
DILI0211,O=S(=O)(O)OCCOc1ccc(Cl)cc1Cl,1
DILI1271,CC(C)(C)NCC(O)c1ccc(O)c(CO)c1,0
DILI1282,CC(C)NCC(O)c1ccc(O)c(O)c1,0
DILI0224,CCN(CC)C(=O)C(C#N)=Cc1cc(O)c(O)c([N+](=O)[O-])c1,1
DILI1288,COc1ccc(OC)c(C(O)CNC(=O)CN)c1,0
DILI1292,CC(C)(N)Cc1ccccc1,0
DILI1299,CCCCNc1ccc(C(=O)OCCN(C)C)cc1,0
DILI1305,CCCCNc1ccc(C(=O)OCCOCCOCCOCCOCCOCCOCCOCCOCCOC)cc1,0
DILI0779,CC(C)Cc1ccc(C(C)C(=O)O)cc1,1
DILI0782,O=C(O)c1ccccc1O,0
DILI1316,C#CCN(C)C(C)Cc1ccccc1,0
DILI0788,CC[N+](C)(C)c1cccc(O)c1,0
DILI1322,CCCCCCCN(CC)CCCC(O)c1ccc(NS(C)(=O)=O)cc1,0
DILI0790,CCCCCCc1ccc(O)cc1O,0
DILI0264,CCOC(=O)c1ccc(OC(=O)CCCCCN=C(N)N)cc1,1
DILI0791,CCN(CC)CC(=O)Nc1c(C)cccc1C,0
DILI0267,CCOc1ccc(CC(CN(CCN(CC(=O)O)CC(=O)O)CC(=O)O)N(CC(=O)O)CC(=O)O)cc1,1
DILI0801,CC(N)C(O)c1ccccc1,0
DILI0274,N=C(N)NN=Cc1c(Cl)cccc1Cl,1
DILI0275,N=C(N)NC(=O)Cc1c(Cl)cccc1Cl,1
DILI1339,Nc1ccc(C(=O)O)cc1,0
DILI0809,COCCCOc1cc(CC(CC(N)C(O)CC(C(=O)NCC(C)(C)C(N)=O)C(C)C)C(C)C)ccc1OC,0
DILI1342,CC(C)NCC(O)COc1ccc(CC(N)=O)cc1,0
DILI0819,NC(=O)c1ccccc1O,0
DILI0288,N=C(N)NCc1cccc(I)c1,1
DILI1348,NNCCc1ccccc1,0
DILI1363,CC(C)c1cccc(C(C)C)c1O,0
DILI0840,C#CCN(C)Cc1ccccc1,0
DILI1372,NC(Cc1ccc(O)c(O)c1)C(=O)O,0
DILI1373,COc1ccc(OC)c(C(O)C(C)N)c1,0
DILI0312,NC(Cc1ccc(N(CCCl)CCCl)cc1)C(=O)O,1
DILI0314,Nc1ccc(O)c(C(=O)O)c1,1
DILI0850,COc1cc(CNC(=O)CCCCC=CC(C)C)ccc1O,0
DILI0326,CNc1ccccc1,1
DILI0329,COCCc1ccc(OCC(O)CNC(C)C)cc1,1
DILI1392,CN(C)C(=O)Oc1cc(OC(=O)N(C)C)cc(C(O)CNC(C)(C)C)c1,0
DILI0868,Nc1ccc(C(=O)NCC(=O)O)cc1,0
DILI1395,CCN(CC)CCOc1cccc(OCCN(CC)CC)c1OCCN(CC)CC,0
DILI1401,CC(NC(C)(C)C)C(=O)c1cccc(Cl)c1,0
DILI0338,Nc1cccc([N+](=O)[O-])c1,1
DILI0888,CN=C(NC)NCc1ccccc1,0
DILI0890,CC[N+](C)(C)Cc1ccccc1Br,0
DILI0357,CN(c1c([N+](=O)[O-])cc([N+](=O)[O-])cc1[N+](=O)[O-])[N+](=O)[O-],1
DILI0364,Clc1ccccc1Cl,1
DILI0905,CCN(CC)CCOC(=O)c1ccc(N)cc1Cl,0
DILI0909,OCC(O)COc1ccc(Cl)cc1,0
DILI0920,CC=CC(=O)N(CC)c1ccccc1C,0
DILI0390,NC(=O)NC(=O)Cc1ccccc1,1
DILI0393,Oc1ccccc1,1
DILI0394,O=[N+]([O-])c1cc([N+](=O)[O-])c(O)c([N+](=O)[O-])c1,1
DILI0939,CCN(CC)C(C)C(=O)c1ccccc1,0
DILI0405,CCCN(CCC)S(=O)(=O)c1ccc(C(=O)O)cc1,1
DILI0406,CCN(CC)CCNC(=O)c1ccc(N)cc1,1
DILI0944,CNCC(O)c1ccc(OC(=O)C(C)(C)C)c(OC(=O)C(C)(C)C)c1,0
DILI0417,Oc1cccc(O)c1,1
DILI0420,COP(=S)(OC)Oc1cc(Cl)c(Cl)cc1Cl,1
DILI0962,CCCN(CC)C(CC)C(=O)Nc1c(C)cccc1C,0
DILI0429,O=C(O)CCCc1ccccc1,1
DILI0431,CC(C)NCC(O)c1ccc(NS(C)(=O)=O)cc1,1
DILI0433,C=Cc1ccccc1,1
DILI0974,CC(C)c1cccc(C(C)C)c1OCOP(=O)(O)O,0
DILI0980,CC[N+](CC)(CC)CCOc1cccc(OCC[N+](CC)(CC)CC)c1OCC[N+](CC)(CC)CC,0
DILI0441,CCC(c1cccc(O)c1)C(C)CN(C)C,1
DILI0454,Sc1ccccc1,1
DILI0996,CN(CC(O)CO)C(=O)c1c(I)c(NC(=O)C(CO)CO)c(I)c(C(=O)N(C)CC(O)CO)c1I,0
DILI0997,CC(=O)N(CC(C)C(=O)O)c1c(I)cc(I)c(N)c1I,0
DILI0998,CC(=O)N(CC(O)CO)c1c(I)c(C(=O)NCC(O)CO)c(I)c(C(=O)NCC(O)CO)c1I,0
DILI0999,CCC(Cc1c(I)cc(I)c(N)c1I)C(=O)O,0
DILI1001,O=C(NCC(O)CO)c1c(I)c(C(=O)NCC(O)CO)c(I)c(N(CCO)C(=O)CO)c1I,0
DILI1002,CC(=O)N(CC(O)CO)c1c(I)c(C(=O)NCCO)c(I)c(C(=O)NCC(O)CO)c1I,0
DILI1003,CN(C)C=Nc1c(I)cc(I)c(CCC(=O)O)c1I,0
DILI1004,CCC(NC(C)C)C(O)c1ccc(O)c(O)c1,0
DILI1012,CC(Cc1ccccc1)NC(=O)C(N)CCCCN,0
DILI1013,N#Cc1cc(NC(=O)C(=O)O)c(Cl)c(NC(=O)C(=O)O)c1,0
DILI1018,NCc1ccc(S(N)(=O)=O)cc1,0
DILI1025,CNC(C)(C)Cc1ccccc1,0
DILI0487,CCCC(=O)Nc1ccc(OCC(O)CNC(C)C)c(C(C)=O)c1,1
DILI1028,CC(N)C(O)c1cccc(O)c1,0
DILI1032,COc1ccccc1OCC(O)COC(N)=O,0
DILI1036,CC(=O)Oc1c(C)cc(OCC(O)CNC(C)C)c(C)c1C,0
DILI0499,C=C(CC)C(=O)c1ccc(OCC(=O)O)c(Cl)c1Cl,1
DILI0510,Cc1ccc(S(=O)(=O)O)cc1C,1
DILI1293,CCC1(c2ccccc2)C(=O)NCNC1=O,0
DILI0933,Cc1cccc(C(C)c2c[nH]cn2)c1C,0
DILI0125,CCNc1nc(Cl)nc(NC(C)C)n1,1
DILI0111,CN(C)c1nc(N(C)C)nc(N(C)C)n1,1
DILI1037,COc1ccc2cc1Oc1cc3c(cc1OC)CC[N+](C)(C)C3Cc1ccc(cc1)Oc1c(OC)c(OC)cc3c1C(C2)[N+](C)(C)CC3,0
DILI0755,CN1c2ccccc2C(NCCCCCCC(=O)O)c2ccc(Cl)cc2S1(=O)=O,1
DILI0262,O=C1OCCN1N=Cc1ccc([N+](=O)[O-])o1,1
DILI1114,O=C(OC1CN2CCC1CC2)N1CCc2ccccc2C1c1ccccc1,0
DILI0678,CCC1(C)CC(=O)NC1=O,1
DILI0258,CC(OC1OCCN(Cc2nc(=O)n(P(=O)(O)O)[nH]2)C1c1ccc(F)cc1)c1cc(C(F)(F)F)cc(C(F)(F)F)c1,1
DILI0214,CCN1CC(CCN2CCOCC2)C(c2ccccc2)(c2ccccc2)C1=O,1
DILI0651,O=C1CCC2(O)C3Cc4ccc(O)c5c4C2(CCN3CC2CC2)C1O5,1
DILI0052,Cc1ccc2cc3c(ccc4ccccc43)c3c2c1CC3,1
DILI0461,CC1(C)OC2COC3(COS(N)(=O)=O)OC(C)(C)OC3C2O1,1
DILI0154,CON=C(C(=O)NC1C(=O)N2C(C(=O)O)=C(CSc3nc(C)c(CC(=O)O)s3)CSC12)c1csc(N)n1,1
DILI0136,O=c1[nH]c(=O)n(C2CC(O)C(CO)O2)cc1Br,1
DILI0627,O=c1[nH]c(=O)n(C2OC(CO)C(O)C2F)cc1I,1
DILI0728,O=c1[nH]c(=O)n(C2CC(O)C(CO)O2)cc1F,1
DILI0012,Cc1cn(C2CC(N=[N+]=[N-])C(CO)O2)c(=O)[nH]c1=O,1
DILI0732,O=c1[nH]c(=O)n(C2CC(O)C(CO)O2)cc1I,1
DILI1138,O=c1[nH]c(=O)n(C2CC(O)C(CO)O2)cc1C(F)(F)F,0
DILI0646,Cc1cn(C2CC(O)C(CO)O2)c(=O)[nH]c1=O,1
DILI0884,CCN(CC)C(=O)C1CN2CCc3cc(OC)c(OC)cc3C2CC1OC(C)=O,0
DILI1254,CN1C2CCC1CC(OC(=O)C(CO)c1ccccc1)C2,0
DILI0992,CN1C2CCC1CC(OC(=O)C(O)c1ccccc1)C2,0
DILI0362,Cc1ccc2[nH]c(N)nc(=O)c2c1Sc1ccncc1,1
DILI0619,CN(N=O)C(=O)NC1C(O)OC(CO)C(O)C1O,1
DILI0085,NC1C(O)OC(CO)C(O)C1O,1
DILI1151,OC1COC(O)C(O)C1O,0
DILI0934,OCC1OC(O)C(O)C(O)C1O,0
DILI0107,ClC1=C(Cl)C2(Cl)C3C4C=CC(C4)C3C1(Cl)C2(Cl)Cl,1
DILI0656,CC(=O)c1ccc(S(=O)(=O)NC(=O)NC2CCCCC2)cc1,1
DILI1382,CC1(C)SC2C(NC(=O)C(NC(=O)N3CCNC3=O)c3ccccc3)C(=O)N2C1C(=O)O,0
DILI0764,CC1(C)SC2C(NC(=O)C(NC(=O)N3CCN(S(C)(=O)=O)C3=O)c3ccccc3)C(=O)N2C1C(=O)O,1
DILI0710,O=C(O)CCc1nc(-c2ccccc2)c(-c2ccccc2)o1,1
DILI1024,CCOC(=O)C1(c2ccccc2)CCN(C)CC1,0
DILI0580,Cc1ccc(Nc2nccc(N(C)c3ccc4c(C)n(C)nc4c3)n2)cc1S(N)(=O)=O,1
DILI0409,CCC(=O)OC(Cc1ccccc1)(c1ccccc1)C(C)CN(C)C,1
DILI1052,NC(=O)Cc1cccc(C(=O)c2ccccc2)c1N,0
DILI0042,O=C(c1cc(O)c(O)c(O)c1)c1ccc(O)c(O)c1O,1
DILI0800,COc1cc(O)c(C(=O)c2ccccc2)cc1S(=O)(=O)O,0
DILI0016,Nc1c(CC(=O)O)cccc1C(=O)c1ccc(Br)cc1,1
DILI0602,CC(C(=O)O)c1cccc(C(=O)c2ccccc2)c1,1
DILI0911,CC(C)(Oc1ccc(C(=O)c2ccc(Cl)cc2)cc1)C(=O)NCCS(=O)(=O)O,0
DILI0679,CC(C)OC(=O)C(C)(C)Oc1ccc(C(=O)c2ccc(Cl)cc2)cc1,1
DILI0650,Cc1ccc(C(=O)c2cc(O)c(O)c([N+](=O)[O-])c2)cc1,1
DILI0445,COc1cc(C2c3cc4c(cc3C(OC3OC5COC(c6cccs6)OC5C(O)C3O)C3COC(=O)C23)OCO4)cc(OC)c1O,1
DILI0834,C[N+]1(C)C2CCC1CC(OC(=O)C(O)c1ccccc1)C2,0
DILI0404,COc1cc2nc(N3CCN(C(=O)c4ccco4)CC3)nc(N)c2cc1OC,1
DILI0611,Cc1ccc(C(=O)c2ccc(CC(=O)O)n2C)cc1,1
DILI1367,Cc1cc(CC(=O)O)n(C)c1C(=O)c1ccc(Cl)cc1,0
DILI0414,C#CC1(O)CCC2C3CCc4cc(OC5CCCC5)ccc4C3CCC21C,1
DILI0270,COc1cc2ncnc(Nc3ccc(F)c(Cl)c3)c2cc1OCCCN1CCOCC1,1
DILI0250,COC1(NC(=O)CSC(F)F)C(=O)N2C(C(=O)O)=C(CSc3nnnn3CCO)COC21,1
DILI1149,CC(=O)OC1CC2CCC3C(CCC4(C)C3CC([N+]3(C)CCCCC3)C4OC(C)=O)C2(C)CC1N1CCCCC1,0
DILI1094,C=CC[N+]1(C2CC3C4CCC5CC(OC(C)=O)C(N6CCCCC6)CC5(C)C4CCC3(C)C2OC(=O)CC)CCCCC1,0
DILI0163,CON=C(C(=O)NC1C(=O)N2C(C(=O)O)=CCSC12)c1csc(N)n1,1
DILI0149,C=CC1=C(C(=O)O)N2C(=O)C(NC(=O)C(=NO)c3csc(N)n3)C2SC1,1
DILI0157,CON=C(C(=O)NC1C(=O)N2C(C(=O)O)=C(COC(C)=O)CSC12)c1csc(N)n1,1
DILI0124,Oc1c(C2=CCC(c3ccc(Cl)cc3)CC2)c(O)c2ccccc2c1O,1
DILI1423,CCCc1nc2c(C)cc(-c3nc4ccccc4n3C)cc2n1Cc1ccc(-c2ccccc2C(=O)O)cc1,0
DILI0588,O=c1[nH]c2cc(Cl)ccc2o1,1
DILI1141,CCN(Cc1ccncc1)C(=O)C(CO)c1ccccc1,0
DILI1411,CCC1=C(C)CN(C(=O)NCCc2ccc(S(=O)(=O)NC(=O)NC3CCC(C)CC3)cc2)C1=O,0
DILI0255,Cc1cn[nH]c1,1
DILI0775,CC=CCC(C)C(O)C1C(=O)NC(CC)C(=O)N(C)CC(=O)N(C)C(CC(C)C)C(=O)NC(C(C)C)C(=O)N(C)C(CC(C)C)C(=O)NC(C)C(=O)NC(C)C(=O)N(C)C(CC(C)C)C(=O)N(C)C(CC(C)C)C(=O)N(C)C(C(C)C)C(=O)N1C,1
DILI0565,COC(c1ccccc1)(c1ccccc1)C(Oc1nc(C)cc(C)n1)C(=O)O,1
DILI0294,COC(=O)C1=C(C)N=C(C)C(C(=O)OC(C)C)C1c1cccc2nonc12,1
DILI1063,CC(C=CC(C)C(C)(C)O)C1CCC2C(=CC=C3CC(O)CC(O)C3)CCCC21C,0
DILI0961,C#CC1(OC(N)=O)CCCCC1,0
DILI0027,NC1CCCCC1N,1
DILI1227,NCC1CCC(C(=O)O)CC1,0
DILI0836,OC1C(O)C(O)C(O)C(O)C1O,0
DILI1347,NCC1(CC(=O)O)CCCCC1,0
DILI1337,ClC1C(Cl)C(Cl)C(Cl)C(Cl)C1Cl,0
DILI1014,O=NN(CCCl)C(=O)NC1CCCCC1,0
DILI0479,OCC(CO)NC1CC(O)(CO)C(O)C(O)C1O,1
DILI0407,NC(=O)CCCN=C(c1ccc(Cl)cc1)c1cc(F)ccc1O,1
DILI0044,CCCC1(CCc2ccccc2)CC(=O)C(C(CC)c2cccc(NS(=O)(=O)c3ccc(C(F)(F)F)cn3)c2)C(=O)O1,1
DILI1425,CN(C)CCCC1(c2ccc(F)cc2)OCc2cc(C#N)ccc21,0
DILI0471,CC(C)C(N)C(=O)OCCOCn1cnc2c(=O)[nH]c(N)nc21,1
DILI1323,CC(C)C(N)C(=O)OCC(CO)OCn1cnc2c(=O)[nH]c(N)nc21,0
DILI1008,CC(C)C1N=C(O)C(CCCCN)N=C(O)C(Cc2c[nH]c3ccccc23)NC(=O)C(Cc2ccc(O)cc2)NC(=O)C(NC(=O)C(N)Cc2ccc3ccccc3c2)CSSCC(C(=O)NC(C(N)=O)C(C)O)NC1=O,0
DILI0866,CC[N+](CC)(CCNC(=O)C(=O)NCC[N+](CC)(CC)Cc1ccccc1Cl)Cc1ccccc1Cl,0
DILI1295,CN(C)C(=O)Oc1ccc[n+](C)c1,0
DILI1421,CCC1OC(=O)C(C)C(OC2CC(C)(OC)C(O)C(C)O2)C(C)C(OC2OC(C)CC(N(C)C)C2O)C(C)(O)CC(C)CN(C)C(C)C(O)C1(C)O,0
DILI0613,COc1cc(C(=O)NS(=O)(=O)c2ccccc2C)ccc1Cc1cn(C)c2ccc(NC(=O)OC3CCCC3)cc12,1
DILI1126,C#CC1(O)CCC2C3C(C)C=C4CC(=O)CCC4C3CCC21C,0
DILI1235,C#CC1(O)CCC2C3CC=C4CC(=O)CCC4C3CCC21C,0
DILI0734,CC(=O)C1CCC2C3CC=C4CC(=O)CCC4(C)C3CCC12C,1
DILI1311,C#CC1(O)CCC2C3CC=C4CC(=O)CCC4C3CCC21CC,0
DILI0252,CC1(O)CCC2C3CC=C4CC(=O)CCC4(C)C3(F)C(O)CC21C,1
DILI1416,CC(=O)C1(O)CCC2C3CC(C)=C4CC(=O)CCC4(C)C3CCC21C,0
DILI1022,CC(=O)C1CCC2C3CC(C)=C4CC(=O)CCC4(C)C3C(O)CC12C,0
DILI0958,N=C(N)NCCCCC1NC(=O)CCSSCC(C(N)=O)NC(=O)C2CCCN2C(=O)C(Cc2c[nH]c3ccccc23)NC(=O)C(CC(=O)O)NC(=O)CNC1=O,0
DILI0609,Nc1nc(O)c(-c2ccccc2)o1,1
DILI0553,Nc1ccn(C2CCC(CO)O2)c(=O)n1,1
DILI0271,Nc1ccn(C2OC(CO)C(O)C2(F)F)c(=O)n1,1
DILI0639,CCCCCOC(=O)Nc1nc(=O)n(C2OC(C)C(O)C2O)cc1F,1
DILI0846,C[N+](C)(C)CCOP(=O)(O)OP(=O)(O)OCC1OC(n2ccc(N)nc2=O)C(O)C1O,0
DILI0614,Nc1ccn(C2OC(CO)C(O)C2O)c(=O)n1,1
DILI0397,COc1cccc2c(O)c3c(c(O)c12)C(=O)C1=C(CC(O)(C(=O)CO)CC1OC1CC(N)C(OC2CCCCO2)C(C)O1)C3=O,1
DILI1079,CCC(C)CCCCC(=O)NC(CCN)C(O)=NC(C(O)=NC(CCN)C(O)=NC1CCN=C(O)C(C(C)O)N=C(O)C(CCN)NC(=O)C(CCN)NC(=O)C(CC(C)C)NC(=O)C(Cc2ccccc2)NC(=O)C(CCN)NC1=O)C(C)O,0
DILI0647,CN1CCN(CCC=C2c3ccccc3Sc3ccc(S(=O)(=O)N(C)C)cc32)CC1,1
DILI0687,CCC1(c2ccccc2)CCC(=O)NC1=O,1
DILI0584,CCC1(c2ccc(N)cc2)CCC(=O)NC1=O,1
DILI0280,COC(=O)CC(O)(CCCC(C)(C)O)C(=O)OC1C(OC)=CC23CCCN2CCc2cc4c(cc2C13)OCO4,1
DILI0215,COc1cc2nc(N3CCN(C(=O)C4COc5ccccc5O4)CC3)nc(N)c2cc1OC,1
DILI0373,NC(=O)N1c2ccccc2CC(=O)c2ccccc21,1
DILI1242,CCC1(O)CC2CN(CCc3c([nH]c4ccccc34)C(C(=O)OC)(c3cc4c(cc3OC)N(C)C3C(O)(C(=O)OC)C(OC(C)=O)C5(CC)C=CCN6CCC43C65)C2)C1,0
DILI0733,CCC1(O)CC2CN(CCc3c([nH]c4ccccc34)C(C(=O)OC)(c3cc4c(cc3OC)N(C=O)C3C(O)(C(=O)OC)C(OC(C)=O)C5(CC)C=CCN6CCC43C65)C2)C1,1
DILI0523,O=C(O)C1CC(C2CCCCC2)CN1,1
DILI0864,CN(C)CCc1c[nH]c2ccc(CS(=O)(=O)N3CCCC3)cc12,0
DILI1405,Clc1ccccc1C(c1ccccc1)(c1ccccc1)n1ccnc1,0
DILI0794,COc1ccc(CN(CCN(C)C)c2ccccn2)cc1,0
DILI0727,CN(C)CCN(Cc1ccccc1)c1ccccn1,1
DILI0145,COc1ccccc1OCCNCC(O)COc1cccc2[nH]c3ccccc3c12,1
DILI0787,CN1CCN(C(c2ccccc2)c2ccc(Cl)cc2)CC1,0
DILI0780,O=C(O)COCCN1CCN(C(c2ccccc2)c2ccc(Cl)cc2)CC1,1
DILI1211,OCCOCCN1CCN(C(c2ccccc2)c2ccc(Cl)cc2)CC1,0
DILI1236,CN1CCN(C(c2ccccc2)c2ccccc2)CC1,0
DILI0557,C=C1CC2C(CCC3(C)C(=O)CCC23)C2(C)C=CC(=O)C=C12,1
DILI1357,CC(N=C(N=c1cc[nH]cc1)NC#N)C(C)(C)C,0
DILI0799,Cn1c(=O)c2[nH]c(Br)nc2n(C)c1=O,0
DILI1276,Cn1c(=O)c2c(ncn2C)n(C)c1=O,0
DILI0950,Cn1c(=O)c2c(ncn2CC(O)CO)n(C)c1=O,0
DILI0511,CC(=O)CCCCn1c(=O)c2c(ncn2C)n(C)c1=O,1
DILI0822,Cn1c(=O)c2[nH]cnc2n(C)c1=O,0
DILI0011,CC(=O)NC1C(O)OC(CO)C(OS(=O)(=O)O)C1OC1OC(C(=O)O)C(O)C(O)C1O,1
DILI0750,COc1cc(C2c3cc4c(cc3C(OC3OC5COC(C)OC5C(O)C3O)C3COC(=O)C23)OCO4)cc(OC)c1O,1
DILI1315,CCc1c(C)[nH]c2c1C(=O)C(CN1CCOCC1)CC2,0
DILI1384,CC(C)(Oc1ccc(CCNC(=O)c2ccc(Cl)cc2)cc1)C(=O)O,0
DILI0353,O=C(O)c1cccnc1Nc1cccc(C(F)(F)F)c1,1
DILI1082,CN1C=CC=CC1=C=NO,0
DILI1345,COc1cc(N)c(Cl)cc1C(=O)NC1CCN(CCCOc2ccc(F)cc2)CC1OC,0
DILI1105,CCCN(CCc1cccs1)C1CCc2c(O)cccc2C1,0
DILI1107,CC1Oc2ccc(C(C)(C)C)cc2O1,0
DILI0628,O=c1[nH]cnc2c1ncn2C1CCC(CO)O1,1
DILI0654,NC(=O)c1cnccn1,1
DILI0616,N=C(N)NC(=O)c1nc(Cl)c(N)nc1N,1
DILI1333,N=C(N=C(N)NCCCCCCN=C(N)N=C(N)Nc1ccc(Cl)cc1)Nc1ccc(Cl)cc1,0
DILI0748,CCOC(=O)Nc1ccc2c(c1)N(C(=O)CCN1CCOCC1)c1ccccc1S2,1
DILI1431,CN1CCN(C(=O)OC2c3nccnc3C(=O)N2c2ccc(Cl)cn2)CC1,0
DILI0075,O=C(O)C1(C(=O)O)CCC1,1
DILI0291,CCc1c2c(nc3ccc(OC(=O)N4CCC(N5CCCCC5)CC4)cc13)-c1cc3c(c(=O)n1C2)COC(=O)C3(O)CC,1
DILI0987,N=C(N)NCC1COC2(CCCCC2)O1,0
DILI1125,Cc1ccsc1C(=CCCN1CCCC(C(=O)O)C1)c1sccc1C,0
DILI0396,CN(C)S(=O)(=O)c1ccc2c(c1)N(CCCN1CCC(CCO)CC1)c1ccccc1S2,1
DILI0038,NC(=O)C1CCN(CCCN2c3ccccc3Sc3ccc(Cl)cc32)CC1,1
DILI0388,N#Cc1ccc2c(c1)N(CCCN1CCC(O)CC1)c1ccccc1S2,1
DILI0644,CN(Cc1cnc2nc(N)nc(N)c2n1)c1ccc(C(=O)NC(CCC(=O)O)C(=O)O)cc1,1
DILI0674,Nc1ccc(S(=O)(=O)c2ccc(N)cc2)cc1,1
DILI1428,NC(Cc1cc(I)c(Oc2cc(I)c(O)c(I)c2)c(I)c1)C(=O)O,0
DILI0664,CCCCNc1cc(C(=O)O)cc(S(N)(=O)=O)c1Oc1ccccc1,1
DILI1233,NC(Cc1cc(I)c(Oc2ccc(O)c(I)c2)c(I)c1)C(=O)O,0
DILI0538,CC(C(=O)O)c1cccc(Oc2ccccc2)c1,1
DILI0355,CS(=O)(=O)Nc1ccc([N+](=O)[O-])cc1Oc1ccccc1,1
DILI0020,CCOC(=Nc1ccc(C(=O)O)cc1)C(O)c1ccc(-c2ccccc2)cc1,1
DILI0213,CC(O)C1C(=O)N2C(C(=O)O)=C(SC3CNC(CNS(N)(=O)=O)C3)C(C)C12,1
DILI0313,CC(O)C1C(=O)N2C(C(=O)O)=C(SC3CNC(C(=O)N(C)C)C3)C(C)C12,1
DILI1047,CCCCCCC(C)(C)c1cc(O)c2c(c1)OC(C)(C)C1CCC(=O)CC21,0
DILI0013,CC(=O)N1CCN(c2ccc(OCC3COC(Cn4ccnc4)(c4ccc(Cl)cc4Cl)O3)cc2)CC1,1
DILI0290,CCCCC1=NC2(CCCC2)C(=O)N1Cc1ccc(-c2ccccc2-c2nn[nH]n2)cc1,1
DILI1115,CCC(=O)N(c1ccccc1)C1(COC)CCN(CCc2cccs2)CC1,0
DILI0617,Cc1cn(C2C=CC(CO)O2)c(=O)[nH]c1=O,1
DILI0554,COc1ccc2c(C(=O)c3ccc(Cl)cc3)c(C)n(CC(=O)O)c2c1,1
DILI1134,CC(C)OC(=O)CCCC=CCC1C(O)CC(O)C1C=CC(O)COc1cccc(C(F)(F)F)c1,0
DILI0574,C=c1c(C(=O)NCCN(CC)CC)c(C)[nH]c1=Cc1c(O)[nH]c2ccc(F)cc12,1
DILI0826,COc1cccc2c(O)c3c(c(O)c12)C(=O)C1=C(CC(O)(C(C)=O)CC1OC1CC(N)C(O)C(C)O1)C3=O,0
DILI0626,COc1cccc2c(O)c3c(c(O)c12)C(=O)C1=C(CC(O)(C(=O)CO)CC1OC1CC(N)C(O)C(C)O1)C3=O,1
DILI0340,CCOC(=O)C(CCc1ccccc1)NC(C)C(=O)N1Cc2cc(OC)c(OC)cc2CC1C(=O)O,1
DILI0753,CCOC(=O)C(CCc1ccccc1)NC(C)C(=O)N1Cc2ccccc2CC1C(=O)O,1
DILI0308,CN1CCN(C2=Nc3ccccc3Oc3ccc(Cl)cc32)CC1,1
DILI1403,Clc1ccc2c(c1)C(N1CCNCC1)=Nc1ccccc1O2,0
DILI1090,Cc1cc(C=Cc2ccc3cc(N(C)C)ccc3[n+]2C)c(C)n1-c1ccccc1,0
DILI1258,C=CC[N+]1(C2CC3C4CCC5CC(O)C(N6CCOCC6)CC5(C)C4CCC3(C)C2OC(C)=O)CCCC1,0
DILI0365,Cc1cc2c(s1)Nc1ccccc1N=C2N1CCN(C)CC1,1
DILI0130,CC(=O)C(=NNc1ccc(-c2ccc(NN=C(C(C)=O)C(=O)Nc3ccccc3)c(Cl)c2)cc1Cl)C(=O)Nc1ccccc1,1
DILI0671,CN1CCN(C2=Nc3cc(Cl)ccc3Nc3ccccc32)CC1,1
DILI0403,O=C(Nc1ccc2c(=O)cc(-c3nn[nH]n3)oc2c1)c1ccc(OCCCCc2ccccc2)cc1,1
DILI0122,CC1CNc2c(cccc2S(=O)(=O)NC(CCCN=C(N)N)C(=O)N2CCC(C)CC2C(=O)O)C1,1
DILI0851,N=C(O)NC=C1N=C(O)C(CNC(=O)CC(N)CCCN)NC(=O)C(CO)NC(=O)C(N)CNC(=O)C(C2CCNC(N)=N2)NC1=O,0
DILI1023,C[N+]1(C)CCCC(OC(=O)C(O)(c2ccccc2)c2ccccc2)C1,0
DILI0372,O=C1N=C(c2ccccc2)c2cc(Cl)ccc2NC1O,1
DILI0307,O=C1N=C(c2ccccc2Cl)c2cc(Cl)ccc2NC1O,1
DILI1091,Fc1ccccc1C1=NCC(=S)N(CC(F)(F)F)c2ccc(Cl)cc21,0
DILI0333,Cc1[nH]c(=O)c(C#N)cc1-c1ccncc1,1
DILI0693,Nc1cc(-c2ccncc2)c[nH]c1=O,1
DILI1095,C#CCNC1CCc2ccccc21,0
DILI0891,Brc1c(NC2=NCCN2)ccc2nccnc12,0
DILI0032,Cc1ccnc2c1NC(=O)c1cccnc1N2C1CC1,1
DILI1257,CC(C)=CCN1CCC2(C)c3cc(O)ccc3CC1C2C,0
DILI0292,CNC1C(O)C(OC2C(NC(=O)C(O)CN)CC(N)C(OC3OC(CN)C(O)C(O)C3O)C2O)OCC1(C)O,1
DILI1234,NCC1OC(OC2C(N)CC(N)C(OC3OC(CO)C(O)C(N)C3O)C2O)C(O)C(O)C1O,0
DILI0839,CNC(C)C1CCC(N)C(OC2C(N)CC(N)C(OC3OCC(C)(O)C(NC)C3O)C2O)O1,0
DILI0982,CNC1C(O)C(OC2C(N)CC(N)C(OC3OC(CN)CCC3N)C2O)OCC1(C)O,0
DILI1247,NCCC(O)C(=O)NC1CC(N)C(OC2OC(CN)C(O)C(O)C2O)C(O)C1OC1OC(CO)C(O)C(N)C1O,0
DILI0719,NCC1OC(OC2C(N)CC(N)C(OC3OC(CO)C(O)C(N)C3O)C2O)C(N)CC1O,1
DILI0518,CS(=O)(=O)c1ccc(C2=C(c3ccccc3)C(=O)OC2)cc1,1
DILI0198,Cc1c(OCC(F)(F)F)ccnc1C[S+]([O-])c1nc2ccccc2[nH]1,1
DILI0378,COc1ccnc(C[S+]([O-])c2nc3cc(OC(F)F)ccc3[nH]2)c1OC,1
DILI0569,CC1OC(OC2C(CO)OC(OC3C(CO)OC(O)C(O)C3O)C(O)C2O)C(O)C(O)C1NC1C=C(CO)C(O)C(O)C1O,1
DILI0883,O=C(O)c1ccc(NC(=O)C(Cc2ccc(O)cc2)NC(=O)c2ccccc2)cc1,0
DILI0749,CC(=O)OC1=C2C(C)C(OC(=O)C(O)C(NC(=O)c3ccccc3)c3ccccc3)CC(O)(C(OC(=O)c3ccccc3)C3C4(OC(C)=O)COC4CC(O)C3(C)C1=O)C2(C)C,1
DILI0704,Cc1ccccc1N1C(=O)c2cc(S(N)(=O)=O)c(Cl)cc2NC1C,1
DILI0722,O=c1n(CCCN2CCN(c3cccc(Cl)c3)CC2)nc2ccccn12,1
DILI0007,Nc1ccc(S(=O)(=O)Nc2nccs2)cc1,1
DILI0921,CC1=C2N=C(C=C3N=C(C(C)=C4N=C(C(CC(N)=O)C4(C)CCC(=O)NCC(C)OP(=O)(O)OC4C(CO)OC(n5cnc6cc(C)c(C)cc65)C4O)C4(C)N=C1C(CCC(N)=O)C4(C)CC(N)=O)C(CCC(N)=O)C3(C)C)C(CCC(N)=O)C2(C)CC(N)=O,0
DILI0597,OC(Cn1cncn1)(Cn1cncn1)c1ccc(F)cc1F,1
DILI1343,O=C1CC2(CCCC2)CC(=O)N1CCCCN1CCN(c2ncccn2)CC1,0
DILI0874,CCCC(CCC)C(=O)OC1CC2CCC(C1)[N+]2(C)C,0
DILI0470,CC(=O)c1c(O)c(C)c(O)c2c1OC1=CC(=O)C(C(C)=O)C(=O)C12C,1
DILI0171,CN=C1CN(O)C(c2ccccc2)=c2cc(Cl)ccc2=N1,1
DILI0472,CCCc1nc(C)c2c(=O)[nH]c(-c3cc(S(=O)(=O)N4CCN(CC)CC4)ccc3OCC)nn12,1
DILI0120,CC(OC1OCCN(Cc2n[nH]c(=O)[nH]2)C1c1ccc(F)cc1)c1cc(C(F)(F)F)cc(C(F)(F)F)c1,1
DILI1275,OC(CCN1CCCCC1)(c1ccccc1)C1CC2C=CC1C2,0
DILI0824,Cc1c(C)c2c(c(C)c1O)CCC(C)(CCCC(C)CCCC(C)CCCC(C)C)O2,0
DILI0019,CCOC1OC(=O)CC1NC(=O)C1CCCN2C(=O)CCC(NC(=O)c3nccc4ccccc34)C(=O)N12,1
DILI0382,Nc1nc(=O)c2c(CCc3ccc(C(=O)NC(CCC(=O)O)C(=O)O)cc3)c[nH]c2[nH]1,1
DILI0738,CCC1(c2ccccc2)C(=O)NC(=O)N(C)C1=O,1
DILI0392,CCC1(c2ccccc2)C(=O)NC(=O)NC1=O,1
DILI0048,CCCCOCC(CN1C(=O)N(CC(COCCCC)OC(N)=O)C(=O)C(CC)(c2ccccc2)C1=O)OC(N)=O,1
DILI1426,CC(C)n1c(C=CC(O)CC(O)CC(=O)O)c(-c2ccc(F)cc2)c2ccccc21,0
DILI0740,C#CC1(OC(C)=O)CCC2C3CCC4=CC(OC(C)=O)CCC4C3CCC21C,1
DILI1229,C=c1c(N)c(O)c2c(c1O)N1CC3NC3C1(OC)C=2COC(N)=O,0
DILI0642,CN(CCOc1ccc(Cc2sc(=O)[nH]c2O)cc1)c1ccccn1,1
DILI0543,Nc1nc2ccc(OC(F)(F)F)cc2s1,1
DILI0199,CC(CN1CC(=O)NC(=O)C1)N1CC(=O)NC(=O)C1,1
DILI1191,NS(=O)(=O)c1cc2c(cc1Cl)NC(C(Cl)Cl)NS2(=O)=O,0
DILI0690,NS(=O)(=O)c1cc2c(cc1Cl)NCNS2(=O)=O,1
DILI1167,NS(=O)(=O)c1cc2c(cc1C(F)(F)F)NCNS2(=O)=O,0
DILI1176,CN1C(CCl)Nc2cc(Cl)c(S(N)(=O)=O)cc2S1(=O)=O,0
DILI1081,CN1C(CSCC(F)(F)F)Nc2cc(Cl)c(S(N)(=O)=O)cc2S1(=O)=O,0
DILI0492,CON=C(C(=O)NC1C(=O)N2C(C(=O)O)=C(C[N+]3(C)CCCC3)CSC12)c1csc(N)n1,1
DILI1147,CCCCC(=O)OCC(=O)C1(O)C=C2C(=O)c3c(c(O)c4c(OC)cccc4c3O)C(=O)C2C(OC2CC(NC(=O)C(F)(F)F)C(O)C(C)O2)C1,0
DILI1387,CC(=O)C1(O)C=C2C(=O)c3c(c(O)c4ccccc4c3O)C(=O)C2C(OC2CC(N)C(O)C(C)O2)C1,0
DILI0345,CCOc1ccc2ccccc2c1C(=O)NC1C(=O)N2C1SC(C)(C)C2C(=O)O,1
DILI1218,NCC1OC(OC2C(CO)OC(OC3C(O)C(N)CC(N)C3OC3OC(CN)C(O)C(O)C3N)C2O)C(N)C(O)C1O,0
DILI1253,NCC1OC(OC2C(CO)OC(OC3C(O)C(N)CC(N)C3OC3OC(CO)C(O)C(O)C3N)C2O)C(N)C(O)C1O,0
DILI0556,OCC1OC(n2cnc3c2N=CNCC3O)CC1O,1
DILI1124,S=P(N1CC1)(N1CC1)N1CC1,0
DILI0869,CC(C)c1ccc2oc3nc(N)c(C(=O)O)cc3c(=O)c2c1,0
DILI0746,CCCC1CC(C(=O)NC(C(C)Cl)C2OC(SC)C(O)C(O)C2O)N(C)C1,1
DILI0795,CN1C2CC(OC(=O)C(CO)c3ccccc3)CC1C1OC12,0
DILI0827,Nc1nc(F)nc2c1ncn2C1OC(COP(=O)(O)O)C(O)C1O,0
DILI1328,COc1nc(N)nc2c1ncn2C1OC(CO)C(O)C1O,0
DILI0178,Nc1nc(Cl)nc2c1ncn2C1OC(CO)C(O)C1F,1
DILI1376,Nc1nc(Cl)nc2c1ncn2C1CC(O)C(CO)O1,0
DILI1381,Nc1ncnc2c1ncn2C1OC(CO)C(O)C1O,0
DILI0463,COc1cccc(C2(O)CCCCC2CN(C)C)c1,1
DILI1034,CN1C(=O)CC(C)(c2ccccc2)C1=O,0
DILI1121,CC12CCC3C(CC=C4CC(=O)C=CC43C)C1CCC(=O)O2,0
DILI0279,ClC1=C(Cl)C2(Cl)C3C(Cl)C=CC3C1(Cl)C2(Cl)Cl,1
DILI1265,CN1CCC23c4c5ccc(O)c4OC2C(O)C=CC3C1C5,0
DILI0832,COc1ccc2c3c1OC1C(O)C=CC4C(C2)N(C)CCC341,0
DILI0164,CON=C(C(=O)NC1C(=O)N2C(C(=O)O)=C(COC(N)=O)CSC12)c1ccco1,1
DILI1068,CCCC(C)C1(CC)C(=O)NC(=O)NC1=O,0
DILI0320,C=CCC1(C(C)C#CCC)C(=O)NC(=O)N(C)C1=O,1
DILI1111,C=CCC1(C(C)CCC)C(=O)NC(=O)NC1=O,0
DILI0049,CC(C)CN(CC(O)C(Cc1ccccc1)NC(=O)OC1COC2OCCC12)S(=O)(=O)c1ccc(N)cc1,1
DILI0529,CC(=O)Nc1nnc(S(N)(=O)=O)s1,1
DILI0202,CCOC(=O)NC1=C(N2CC2)C(=O)C(NC(=O)OCC)=C(N2CC2)C1=O,1
DILI0662,CC(C)COCC(CN(Cc1ccccc1)c1ccccc1)N1CCCC1,1
DILI0187,NC1CONC1=O,1
DILI0899,C=C1C(=CC=C2CCCC3(C)C2CCC3C(C)CCCC(C)(C)O)CC(O)CC1O,0
DILI1329,C=C1CCC(O)CC1=CC=C1CCCC2(C)C1CCC2C(C)C=CC(C)C(C)C,0
DILI1303,C=C1CCC(O)CC1=CC=C1CCCC2(C)C1CCC2C(C)CCCC(C)C,0
DILI0947,C=C1C(=CC=C2CCCC3(C)C2CCC3C(C)C=CC(C)C(C)C)CC(O)CC1O,0
DILI0774,C=C1CCC(O)CC1=CC=C1CCCC2(C)C1CCC2C(C)CCCC(C)(C)O,1
DILI0983,CN(C)c1ccc(C(=C2C=CC(=[N+](C)C)C=C2)c2ccc(N(C)C)cc2)cc1,0
DILI0509,C[n+]1ccc(-c2cc[n+](C)cc2)cc1,1
DILI0217,CCC(Cc1cnc2nc(N)nc(N)c2n1)c1ccc(C(=O)NC(CCC(=O)O)C(=O)O)cc1,1
DILI0893,CC(C)(C)c1ccc(CN2CCN(C(c3ccccc3)c3ccc(Cl)cc3)CC2)cc1,0
DILI1213,Cc1cccc(CN2CCN(C(c3ccccc3)c3ccc(Cl)cc3)CC2)c1,0
DILI0776,C=C1c2cccc(O)c2C(=O)C2C(=O)C3(O)C(=O)C(C(N)=O)C(=O)C(N(C)C)C3C(O)C12,1
DILI1187,CCOc1cc(CC(=O)NC(CC(C)C)c2ccccc2N2CCCCC2)ccc1C(=O)O,0
DILI0284,CC#CCC(C)C(O)C=CC1C(O)CC2CC(=CCCCC(=O)O)CC21,1
DILI0751,CN(C)CCn1nnnc1SCC1=C(C(=O)O)N2C(=O)C(NC(=O)Cc3csc(N)n3)C2SC1,1
DILI1249,CCC1(O)C(=O)OCc2c1cc1n(c2=O)Cc2cc3c(CN(C)C)c(O)ccc3nc2-1,0
DILI0793,Nc1ccc(N=Nc2ccccc2)c(N)n1,0
DILI1202,O=C1CCc2cc(OCCCCc3nnnn3C3CCCCC3)ccc2N1,0
DILI0474,C=c1c(C=CC(=O)OC)c2[nH]c1=CC1=NC(=Cc3[nH]c(c(CC)c3C)C=c3[nH]c(c(CCC(=O)O)c3C)=C2)C2=CC=C(C(=O)OC)C(C(=O)OC)C21C,1
DILI0484,CC(CSC(=O)c1ccccc1)C(=O)N1CC(Sc2ccccc2)CC1C(=O)O,1
DILI0170,O=C1C2(Cl)C3(Cl)C4(Cl)C(Cl)(Cl)C5(Cl)C3(Cl)C1(Cl)C5(Cl)C24Cl,1
DILI0191,Nc1ncn(C2CC(O)C(CO)O2)c(=O)n1,1
DILI0742,Nc1ncn(C2OC(CO)C(O)C2O)c(=O)n1,1
DILI1053,O=C(Nc1ccc([N+](=O)[O-])cc1Cl)c1cc(Cl)ccc1O,0
DILI0055,O=C1NCN(c2ccccc2)C12CCN(CCCC(c1ccc(F)cc1)c1ccc(F)cc1)CC2,1
DILI0070,CC1(c2ccccc2)Cc2cc(OCC(=O)O)c(Cl)c(Cl)c2C1=O,1
DILI1223,CNCCCC1c2ccccc2C=Cc2ccccc21,0
DILI1389,Clc1ccc(CCC(Cn2ccnc2)Sc2c(Cl)cccc2Cl)cc1,0
DILI0521,COC1CC2CCC(C)C(O)(O2)C(=O)C(=O)N2CCCCC2C(=O)OC(C(C)CC2CCC(O)C(OC)C2)CC(=O)C(C)=CC(C)C(O)C(OC)C(=O)C(C)CC(C)C=CC=CC=C1C,1
DILI0443,COC1CC2CCC(C)C(O)(O2)C(=O)C(=O)N2CCCCC2C(=O)OC(C(C)CC2CCC(OC(=O)C(C)(CO)CO)C(OC)C2)CC(=O)C(C)=CC(C)C(O)C(OC)C(=O)C(C)CC(C)C=CC=CC=C1C,1
DILI0842,Nc1ccc(S(=O)(=O)NC(=O)c2ccccc2)cc1,0
DILI0798,CN1C2CCC1CC(OC(c1ccccc1)c1ccccc1)C2,0
DILI0451,c1ccc2[nH]c(-c3cscn3)nc2c1,1
DILI0767,CN1C(C(=O)Nc2ccccn2)C(=O)c2ccccc2S1(=O)=O,1
DILI0959,CCC(C)(C)C1C(=O)N2CCCC2C2(O)OC(NC(=O)C3CC4c5cccc6[nH]cc(c56)CC4N(C)C3)(C(C)C)C(=O)N12,0
DILI0894,CCCC1OC2CC3C4CC=C5CC(=O)C=CC5(C)C4C(O)CC3(C)C2(C(=O)CO)O1,0
DILI1160,CC1(C)OC2CC3C4CC=C5CC(=O)C=CC5(C)C4C(O)CC3(C)C2(C(=O)CO)O1,0
DILI1291,CCn1cc(C(=O)O)c(=O)c2ccc(C)nc21,0
DILI0736,COc1cccc(OC)c1C(=O)NC1C(=O)N2C1SC(C)(C)C2C(=O)O,1
DILI0720,Cc1ccc(S(=O)(=O)NC(=O)NN2CCCCCC2)cc1,1
DILI0655,O=C1NC(=O)C(c2ccccc2)(c2ccccc2)N1,1
DILI0973,O=C1NC(c2ccccc2)(c2ccccc2)C(=O)N1COP(=O)(O)O,0
DILI1098,C=CC1(C)CC(OC(=O)CSC2CC3CCC(C2)N3C)C2(C)C(C)CCC3(CCC(=O)C32)C(C)C1O,0
DILI1413,CC12CCC3c4ccc(O)cc4CCC3C1CCC2O,0
DILI0229,CC12CCC3c4ccc(OC(=O)N(CCCl)CCCl)cc4CCC3C1CCC2O,1
DILI0976,CC12CCC3c4ccc(O)cc4CC(CCCCCCCCC[S+]([O-])CCCC(F)(F)C(F)(F)F)C3C1CCC2O,0
DILI0061,C#CC1(O)CCC2C3CCc4cc(O)ccc4C3CCC21C,1
DILI0212,O=C(OC1CC2CC3CC(C1)N2CC3=O)c1c[nH]c2ccccc12,1
DILI0758,COC1CC(OC2C(C)C(=O)OC(C)C(C)C(OC(C)=O)C(C)C(=O)C3(CO3)CC(C)C(OC3OC(C)CC(N(C)C)C3OC(C)=O)C2C)OC(C)C1OC(C)=O,1
DILI0150,CON=C(C(=O)NC1C(=O)N2C(C(=O)OCOC(=O)C(C)(C)C)=C(C=Cc3scnc3C)CSC12)c1csc(N)n1,1
DILI0673,CN1CCC(=C2c3ccccc3C=Cc3ccccc32)CC1,1
DILI0558,Nc1nc(NC2CC2)c2ncn(C3C=CC(CO)C3)c2n1,1
DILI0896,CN(Cc1ccc(C(C)(C)C)cc1)Cc1cccc2ccccc12,0
DILI1165,CC1(C)OC2CC3C4CC=C5CC(=O)CCC5(C)C4(F)C(O)CC3(C)C2(C(=O)CCl)O1,0
DILI1007,CC(=Cc1csc(C)n1)C1CC2OC2(C)CCCC(C)C(O)C(C)C(=O)C(C)(C)C(O)CC(=O)N1,0
DILI0813,CC1C=CC=CCCC=CC=CC=CC=CC(OC2OC(C)C(O)C(N)C2O)CC(O)C(C(=O)O)C(O)CC(=O)CC(O)C(O)CCC(O)CC(O)CC(O)CC(=O)OC(C)C(C)C1O,0
DILI0904,CCCCC(NC(=O)C(Cc1c[nH]c2ccccc12)NC(=O)CNC(=O)C(NC(=O)C(N)Cc1ccc(OS(=O)(=O)O)cc1)C(C)O)C(=O)NC(CC(=O)O)C(O)=NC(Cc1ccccc1)C(N)=O,0
DILI1106,NC(=O)c1cn(Cc2c(F)cccc2F)nn1,0
DILI1360,CC(C)(Sc1cc(C(C)(C)C)c(O)c(C(C)(C)C)c1)Sc1cc(C(C)(C)C)c(O)c(C(C)(C)C)c1,0
DILI0670,Clc1cccc(Cl)c1NC1=NCCN1,1
DILI0876,Nc1cc(Cl)c(NC2=NCCN2)c(Cl)c1,0
DILI1281,O=c1[nH]cc(F)c(=O)[nH]1,0
DILI0062,O=c1[nH]cc(N(CCCl)CCCl)c(=O)[nH]1,1
DILI0636,CNCCC(Oc1cccc2ccccc12)c1cccs1,1
DILI0564,COc1c(N2CC3CCCNC3C2)c(F)cc2c(=O)c(C(=O)O)cn(C3CC3)c12,1
DILI0630,CNCCC(Oc1ccccc1C)c1ccccc1,1
DILI1044,Oc1ccc(OCc2ccccc2)cc1,0
DILI1409,CNCCC(Oc1ccc(C(F)(F)F)cc1)c1ccccc1,0
DILI1148,c1cnc2cc3c(cc2n1)C1CNCC3C1,0
DILI0853,CNCCCC12CCC(c3ccccc31)c1ccccc12,0
DILI0739,C=CC1CN2CCC1CC2C(O)c1ccnc2ccc(OC)cc12,1
DILI0282,CCC1CN2CCC1CC2C(O)c1ccnc2ccc(OC)cc12,1
DILI0680,CC(Cc1ccc(O)cc1)NCC(O)c1cc(O)cc(O)c1,1
DILI0419,CC(NCCc1ccc(O)cc1)C(O)c1ccc(O)cc1,1
DILI1261,COc1ccc(CC(C)NCC(O)c2ccc(O)c(NC=O)c2)cc1,0
DILI0026,CN1CCC(Nc2ncc3ncnc(Nc4ccc(F)c(Cl)c4)c3n2)CC1,1
DILI0121,CCN(CC)CCCN(c1ccccc1)C1Cc2ccccc2C1,1
DILI1099,CC(N)C12CC3CC(CC(C3)C1)C2,0
DILI1340,NC12CC3CC(CC(C3)C1)C2,0
DILI1352,CC12CC3CC(C)(C1)CC(N)(C3)C2,0
DILI0240,C#CC1(O)CCC2C3CC=C4CC(=O)CCC4C3C(=C)CC21CC,1
DILI0643,COc1ccccc1Oc1c(NS(=O)(=O)c2ccc(C(C)(C)C)cc2)nc(-c2ncccn2)nc1OCCO,1
DILI1026,Cc1cccc(C)c1NC(=O)C1CCCCN1C,0
DILI1199,CCCCN1CCCCC1C(=O)Nc1c(C)cccc1C,0
DILI1104,CCCN1CCCCC1C(=O)Nc1c(C)cccc1C,0
DILI0945,CCNC1CC(C)S(=O)(=O)c2sc(S(N)(=O)=O)cc21,0
DILI1320,Nc1nc(=O)c2c([nH]1)NCC(CNc1ccc(C(=O)NC(CCC(=O)O)C(=O)O)cc1)N2C=O,0
DILI0640,NC1C2CN(c3nc4c(cc3F)c(=O)c(C(=O)O)cn4-c3ccc(F)cc3F)CC12,1
DILI0053,Oc1c(Cl)cc(Cl)cc1Sc1cc(Cl)cc(Cl)c1O,1
DILI0208,c1ccc(Sc2ccccc2)cc1,1
DILI0276,CCCCN(CCCC)CCC(O)c1cc2c(Cl)cc(Cl)cc2c2cc(C(F)(F)F)ccc12,1
DILI0926,NC(=O)C(c1ccccc1)(c1ccccc1)C1CCN(CCc2ccc3c(c2)CCO3)C1,0
DILI1045,O=C(OCCN1CCOCC1)c1cccnc1Nc1cccc(C(F)(F)F)c1,0
DILI0975,CNC1CCc2[nH]c3ccc(C(N)=O)cc3c2C1,0
DILI1069,CCCN1CC(CSC)CC2c3cccc4[nH]cc(c34)CC21,0
DILI0821,Cc1cc2nc3c(=O)[nH]c(=O)nc-3n(CC(O)C(O)C(O)CO)c2cc1C,0
DILI1379,O=C(O)c1cc(=O)c2cc(OCC(O)COc3cccc4oc(C(=O)O)cc(=O)c34)ccc2o1,0
DILI1162,CC12C=CC(=O)NC1CCC1C2CCC2(C)C(C(=O)Nc3cc(C(F)(F)F)ccc3C(F)(F)F)CCC12,0
DILI0251,CC1CCc2cc(F)cc3c(=O)c(C(=O)O)cn1c23,1
DILI0897,Oc1ccc2c(c1)C13CCCCC1(O)C(C2)N(CC1CCC1)CC3,0
DILI1183,CCCC(NC(C)C(=O)N1C(C(=O)O)CC2CCCCC21)C(=O)OCC,0
DILI1280,CCOC(=O)c1ncn2c1CN(C)C(=O)c1cc(F)ccc1-2,0
DILI0544,CC1=C(CC(=O)O)c2cc(F)ccc2C1=Cc1ccc([S+](C)[O-])cc1,1
DILI0242,CC1=C(CC(=O)O)c2cc(F)ccc2C1=Cc1ccc(S(C)(=O)=O)cc1,1
DILI0428,CC(Cc1cc2c(c(C(N)=O)c1)N(CCCO)CC2)NCCOc1ccccc1OCC(F)(F)F,1
DILI1297,O=C(c1ccc(OCCN2CCCCC2)cc1)c1c(-c2ccc(O)cc2)sc2cc(O)ccc12,0
DILI1193,COc1cc2c3cc1Oc1cc(ccc1O)CC1c4c(cc(OC)c(O)c4Oc4ccc(cc4)CC3N(C)CC2)CC[N+]1(C)C,0
DILI0222,CCn1cc(C(=O)O)c(=O)c2cc(F)c(N3CCNCC3)nc21,1
DILI0889,Cc1ccc(C(=O)Oc2ccc(C(O)CNC(C)(C)C)cc2OC(=O)c2ccc(C)cc2)cc1,0
DILI0301,c1ccc(C2CN3CCSC3=N2)cc1,1
DILI1110,CC(O)C(O)C1CNc2[nH]c(N)nc(=O)c2N1,0
DILI1412,CCc1ccc(CCOc2ccc(Cc3sc(=O)[nH]c3O)cc2)nc1,0
DILI0895,COC12CCC3(CC1C(C)(O)C(C)(C)C)C1Cc4ccc(O)c5c4C3(CCN1CC1CC1)C2O5,0
DILI0311,Cc1cnc(NC(=O)C2C(=O)c3ccccc3S(=O)(=O)N2C)s1,1
DILI0483,Oc1cc2cc(CCN3CCN(c4nsc5ccccc45)CC3)c(Cl)cc2[nH]1,1
DILI0918,Cc1nc2c([nH]1)-c1ccccc1N(C(=O)c1ccc(NC(=O)c3ccccc3-c3ccccc3)cc1)CC2,0
DILI0807,O=C(O)CCCCC1SCC2NC(=O)NC21,0
DILI1092,CCC(=O)NCCC1CCc2ccc3c(c21)CCO3,0
DILI1207,Cc1c(-c2ccccc2)oc2c(C(=O)OCCN3CCCCC3)cccc2c1=O,0
DILI0303,Clc1cccc(C(c2ccc3[nH]cnc3c2)n2ccnc2)c1,1
DILI0226,COC(=O)C1C=C2CC(=O)CCC2(C)C23OC2CC2(C)C(CCC24CCC(=O)O4)C13,1
DILI0660,COc1cc(NS(C)(=O)=O)ccc1Nc1c2ccccc2nc2ccccc12,1
DILI1158,CC(C)NCC(O)COc1ccc(CCOCC2CC2)cc1,0
DILI0083,CC1C(=O)OC2CCN3CC=C(COC(=O)C(C)(O)C1(C)O)C23,1
DILI0450,O=C1CCC(N2C(=O)c3ccccc3C2=O)C(=O)N1,1
DILI1073,CC(=O)OC1CC2CCC3C(CCC4(C)C3CC(N3CC[N+](C)(C)CC3)C4OC(C)=O)C2(C)CC1N1CC[N+](C)(C)CC1,0
DILI0475,COc1ccc(C(=O)N2CCN(c3ccc4c(c3)CCC(=O)N4)CC2)cc1OC,1
DILI0757,CCC1OC(=O)C(C)C(OC2CC(C)(OC)C(O)C(C)O2)C(C)C(OC2OC(C)CC(N(C)C)C2O)C(C)(OC)CC(C)C(=O)C(C)C(O)C1(C)O,1
DILI0551,CCC1OC(=O)C(C)C(OC2CC(C)(OC)C(O)C(C)O2)C(C)C(OC2OC(C)CC(N(C)C)C2O)C(C)(O)CC(C)C(=O)C(C)C(O)C1(C)O,1
DILI0547,NS(=O)(=O)Cc1noc2ccccc12,1
DILI0943,OC(CCCN1CCCCC1)(c1ccccc1)c1ccccc1,0
DILI1398,NC1CC1c1ccccc1,0
DILI0668,CC(C)(Oc1ccc(C2CC2(Cl)Cl)cc1)C(=O)O,1
DILI0412,OCCOCCN1CCN(C2=Nc3ccccc3Sc3ccccc32)CC1,1
DILI1057,CC1C=CC=CCCC=CC=CC=CC=CC(OC2OC(C)C(O)C(N)C2O)CC2OC(O)(CC(O)C(O)CCC(O)CC(O)CC(O)CC(=O)OC(C)C(C)C1O)CC(O)C2C(=O)O,0
DILI0447,CN1C(C(=O)Nc2ccccn2)C(=O)c2sccc2S1(=O)=O,1
DILI0579,CCC1OC(=O)C(C)C(=O)C(C)C(OC2OC(C)CC(N(C)C)C2O)C(C)(OC)CC(C)C(=O)C(C)C2N(CCCCn3cnc(-c4cccnc4)c3)C(=O)OC12C,1
DILI0188,CC(=O)C1(O)CCC2C3=CC(Cl)=C4CC(=O)C5CC5C4(C)C3CCC21C,1
DILI0808,CC(C)CC1N=C(O)C(Cc2ccccc2)N=C(O)C(CCN)N=C(O)C(N=C(O)C(CCN)NC(=O)C(NC(=O)C(CCN)NC(=O)O)C(C)O)CCNC(=O)C(C(C)O)NC(=O)C(CCN)NC(=O)C(CCN)NC1=O,0
DILI0289,O=C(CCCCC(=O)Nc1c(I)cc(I)c(C(=O)O)c1I)Nc1c(I)cc(I)c(C(=O)O)c1I,1
DILI0464,COc1ccc(C=CC(=O)Nc2ccccc2C(=O)O)cc1OC,1
DILI0402,CCC(C(C)O)n1ncn(-c2ccc(N3CCN(c4ccc(OCC5COC(Cn6cncn6)(c6ccc(F)cc6F)C5)cc4)CC3)cc2)c1=O,1
DILI1397,NC(C(=O)O)C1CC(Cl)=NO1,0
DILI0706,O=C1C=CC(=O)c2c1c(O)c1c(NCCNCCO)ccc(NCCNCCO)c1c2O,1
DILI0871,CC(C)CN(CC(O)C(Cc1ccccc1)NC(=O)OC1CCOC1)S(=O)(=O)c1ccc(N)cc1,0
DILI0257,CC(C)CN(CC(OP(=O)(O)O)C(Cc1ccccc1)NC(=O)OC1CCOC1)S(=O)(=O)c1ccc(N)cc1,1
DILI1140,Cc1cc2cc3c(C)cc(=O)oc3c(C)c2o1,0
DILI0322,COc1c2occc2cc2ccc(=O)oc12,1
DILI0507,O=c1[nH]c2ccccc2n1CCCN1CCN(C(c2ccccc2)c2ccccc2)CC1,1
DILI0503,CN1C2CCCC1CC(NC(=O)c1nn(C)c3ccccc13)C2,1
DILI0600,Cc1cc(C(=O)NNCc2ccccc2)no1,1
DILI0455,CC(C(=O)O)c1ccc(C(=O)c2ccccc2)s1,1
DILI0623,O=C(O)COc1ccc(C(=O)c2cccs2)c(Cl)c1Cl,1
DILI0524,CC(C(=O)O)c1ccc(C(=O)c2cccs2)cc1,1
DILI0516,Cc1nc(=O)c2cc(CN(C)c3ccc(C(=O)NC(CCC(=O)O)C(=O)O)s3)ccc2[nH]1,1
DILI0993,c1coc(CNc2ncnc3[nH]cnc23)c1,0
DILI0622,CC(C(=O)O)c1ccc(N2CC=CC2)c(Cl)c1,1
DILI1222,COc1cc(NC(C)CCCN)c2ncccc2c1,0
DILI0994,CCN(CCO)CCCC(C)Nc1ccnc2cc(Cl)ccc12,0
DILI0936,CCCCOc1cc(C(=O)NCCN(CC)CC)c2ccccc2n1,0
DILI0906,CCN(CC)CCCC(C)Nc1ccnc2cc(Cl)ccc12,0
DILI0908,Oc1c(Cl)cc(Cl)c2cccnc12,0
DILI0017,Cc1cc(Br)c(O)c2ncccc12,1
DILI1270,Oc1cccc2cccnc12,0
DILI1020,CNC1(C)C2CCC(C2)C1(C)C,0
DILI1178,CNS(=O)(=O)CCc1ccc2[nH]cc(C3CCN(C)CC3)c2c1,0
DILI1046,CC(=CC(=O)OCCCCCCCCC(=O)O)CC1OCC(CC2OC2C(C)C(C)O)C(O)C1O,0
DILI0845,CCOC(=O)C1(c2ccccc2)CCN(CCc2ccc(N)cc2)CC1,0
DILI0490,CC1C(=NC(=O)C(NOC(C)(C)C(=O)O)c2csc(N)n2)C(=O)N1S(=O)(=O)O,1
DILI0477,CCC1=CC2CN(C1)Cc1c([nH]c3ccccc13)C(C(=O)OC)(c1cc3c(cc1OC)N(C)C1C(O)(C(=O)OC)C(OC(C)=O)C4(CC)C=CCN5CCC31C54)C2,1
DILI1212,CC(=O)N(CC(O)CN(C(C)=O)c1c(I)c(C(=O)NCC(O)CO)c(I)c(C(=O)NCC(O)CO)c1I)c1c(I)c(C(=O)NCC(O)CO)c(I)c(C(=O)NCC(O)CO)c1I,0
DILI1152,CCN(C(C)=O)c1cccc(-c2ccnc3c(C#N)cnn23)c1,0
DILI0852,Cc1cc(NC(=O)C2C(=O)c3ccccc3S(=O)(=O)N2C)no1,0
DILI0356,COCCOC(=O)C1=C(C)N=C(C)C(C(=O)OC(C)C)C1c1cccc([N+](=O)[O-])c1,1
DILI0358,CCOC(=O)C1=C(C)N=C(C)C(C(=O)OC)C1c1cccc([N+](=O)[O-])c1,1
DILI0297,CCOC(=O)C1=C(C)N=C(C)C(C(=O)OCC)C1c1ccccc1C=CC(=O)OC(C)(C)C,1
DILI0964,CCOC(=O)C1=C(C)N=C(C)C(C(=O)OC)C1c1cccc(Cl)c1Cl,0
DILI0915,CCCC(=O)OCOC(=O)C1=C(C)N=C(C)C(C(=O)OC)C1c1cccc(Cl)c1Cl,0
DILI1180,COC(=O)C1=C(C)N=C(C)C(C(=O)OCC(C)C)C1c1ccccc1[N+](=O)[O-],0
DILI0352,COC(=O)C1=C(C)N=C(C)C(C(=O)OC)C1c1ccccc1[N+](=O)[O-],1
DILI0354,COC(=O)C1=C(C#N)N=C(C)C(C(=O)OC(C)C)C1c1cccc([N+](=O)[O-])c1,1
DILI0140,Oc1c2c(c(O)n1SC(Cl)(Cl)C(Cl)Cl)CC=CC2,1
DILI0861,COc1ccc(-c2ccc3cc(C(=O)O)ccc3c2)cc1C12CC3CC(CC(C3)C1)C2,0
DILI1048,CN(CC=Cc1ccccc1)Cc1cccc2ccccc12,0
DILI0166,CC1OC2(CS1)CN1CCC2CC1,1
DILI1067,CSCCC(NC(=O)C(Cc1c[nH]c2ccccc12)NC(=O)CCNC(=O)OCC(C)C)C(=O)NC(CC(=O)O)C(=O)NC(Cc1ccccc1)C(N)=O,0
DILI0260,CCC(=O)OC(OP(=O)(CCCCc1ccccc1)CC(=O)N1CC(C2CCCCC2)CC1C(=O)O)C(C)C,1
DILI0963,CCOC(=O)c1cncn1C(C)c1ccccc1,0
DILI0146,CCC(C)CC(C)CCCCCCCCC(=O)NC1CC(O)C(NCCN)NC(=O)C2C(O)CCN2C(=O)C(C(O)CCN)NC(=O)C(C(O)C(O)c2ccc(O)cc2)NC(=O)C2CC(O)CN2C(=O)C(C(C)O)NC1=O,1
DILI0160,NC(=O)c1cc[n+](CC2=C(C(=O)O)N3C(=O)C(NC(=O)C(c4ccccc4)S(=O)(=O)O)C3SC2)cc1,1
DILI0363,CC(O)C(CO)NC(=O)C1CSSCC(NC(=O)C(N)Cc2ccccc2)C(=O)NC(Cc2ccccc2)C(=O)NC(Cc2c[nH]c3ccccc23)C(=O)NC(CCCCN)C(O)=NC(C(C)O)C(O)=N1,1
DILI1301,CC12C=CC(=O)C=C1CCC1C2C(=O)CC2(C)C1CCC2(O)C(=O)CO,0
DILI0286,CC(C)Cn1cnc2c(N)nc3ccccc3c21,1
DILI0912,CC(C)C(=O)OCC(=O)C12OC(C3CCCCC3)OC1CC1C3CC=C4CC(=O)C=CC4(C)C3C(O)CC12C,0
DILI1283,CNC1(c2ccccc2Cl)CCCCC1=O,0
DILI0196,Clc1ccc2c(c1)CCc1cccnc1C2=C1CCNCC1,1
DILI0818,CCOC(=O)N1CCC(=C2c3ccc(Cl)cc3CCc3cccnc32)CC1,0
DILI0745,CN1CCC(=C2c3ccccc3CCc3cccnc32)CC1,1
DILI0970,CC1(C)OC2CC3C4CC(F)C5=CC(=O)CCC5(C)C4C(O)CC3(C)C2(C(=O)CO)O1,0
DILI0304,CC(=O)NCC1CN(c2ccc(N3CCOCC3)c(F)c2)C(=O)O1,1
DILI0577,CC(C)(C)NC(=O)C1CN(Cc2cccnc2)CCN1CC(O)CC(Cc1ccccc1)C(=O)NC1c2ccccc2CC1O,1
DILI0129,O=C1CN=C(c2ccccc2)c2c(sc3c2CCCC3)N1,1
DILI0015,CC(c1cc2ccccc2s1)N(O)C(N)=O,1
DILI0305,CN(CCCN1c2ccccc2CCc2ccccc21)CC(=O)c1ccc(Cl)cc1,1
DILI0128,NS(=O)(=O)c1cc2c(cc1C(F)(F)F)NC(Cc1ccccc1)NS2(=O)=O,1
DILI0119,CC(C)(C#N)c1cc(Cn2cncn2)cc(C(C)(C)C#N)c1,1
DILI0195,CN(C)C1C(=O)C(C(N)=O)C(=O)C2(O)C(=O)C3C(=O)c4c(O)ccc(Cl)c4C(O)C3CC12,1
DILI0456,CN(C)c1cc(NC(=O)CNC(C)(C)C)c(O)c2c1CC1CC3C(N(C)C)C(=O)C(C(N)=O)C(=O)C3(O)C(=O)C1C2=O,1
DILI0175,CN(C)C1C(=O)C(C(N)=O)C(=O)C2(O)C(=O)C3C(=O)c4c(O)ccc(Cl)c4C(C)(O)C3CC12,1
DILI0768,CC1c2cccc(O)c2C(=O)C2C(=O)C3(O)C(=O)C(C(N)=O)C(=O)C(N(C)C)C3C(O)C21,1
DILI0769,CN(C)c1ccc(O)c2c1CC1CC3C(N(C)C)C(=O)C(C(N)=O)C(=O)C3(O)C(=O)C1C2=O,1
DILI0770,CN(C)C1C(=O)C(C(N)=O)C(=O)C2(O)C(=O)C3C(=O)c4c(O)cccc4C(C)(O)C3CC12,1
DILI0508,CN(C)C1C(=O)C(C(N)=O)C(=O)C2(O)C(=O)C3C(=O)c4c(O)cccc4C(C)(O)C3C(O)C12,1
DILI0615,O=C(O)c1cc(-c2ccccc2)nc2ccccc12,1
DILI0730,CC12CCC3c4ccc(O)cc4CCC3C1CCC2=O,1
DILI0302,CCC(C(N)=O)N1CCCC1=O,1
DILI0438,CCN1CCCC1CNC(=O)c1cc(S(N)(=O)=O)ccc1OC,1
DILI0263,CC(=O)OC1CC2(C)C(CC(O)C3C4(C)CCC(O)C(C)C4CCC32C)C1=C(CCC=C(C)C)C(=O)O,1
DILI0066,CN(C)CCN(Cc1cccs1)c1ccccn1,1
DILI0634,CC(C)c1c(C(=O)Nc2ccccc2)c(-c2ccccc2)c(-c2ccc(F)cc2)n1CCC(O)CC(O)CC(=O)O,1
DILI1309,OCC1OC(OC2C(CO)OC(O)(CO)C2O)C(O)C(O)C1O,0
DILI0610,Cc1ccc(NC(=O)c2ccc(CN3CCN(C)CC3)cc2)cc1Nc1nccc(-c2cccnc2)n1,1
DILI0269,COc1c(N2CCNC(C)C2)c(F)cc2c(=O)c(C(=O)O)cn(C3CC3)c12,1
DILI0522,CC1CN(c2c(F)c(N)c3c(=O)c(C(=O)O)cn(C4CC4)c3c2F)CC(C)N1,1
DILI0756,Cc1c(F)c(N2CCNC(C)C2)cc2c1c(=O)c(C(=O)O)cn2C1CC1,1
DILI0534,O=C(O)c1cn(C2CC2)c2cc(N3CCNCC3)c(F)cc2c1=O,1
DILI0731,CC(=O)Nc1ccc2c(c1)Cc1ccccc1-2,1
DILI0272,CON=C1CN(c2nc3c(cc2F)c(=O)c(C(=O)O)cn3C2CC2)CC1CN,1
DILI0225,CC(=Cc1ccccc1)C=C1SC(=S)N(CC(=O)O)C1=O,1
DILI0967,CC1(C)OC2CC3C4CC(F)C5=CC(=O)C=CC5(C)C4(F)C(O)CC3(C)C2(C(=O)CO)O1,0
DILI0968,CC(=O)OCC(=O)C12OC(C)(C)OC1CC1C3CC(F)C4=CC(=O)C=CC4(C)C3(F)C(O)CC12C,0
DILI1163,CC1(C)OC2CC3C4CC(F)C5=CC(=O)C=CC5(C)C4C(O)CC3(C)C2(C(=O)CO)O1,0
DILI0972,CC12CCC3C(CCC4C(=O)C(=O)CCC43C)C1CCC2=O,0
DILI1344,Cc1cc(C2CCCCC2)n(O)c(=O)c1,0
DILI0108,COc1cc2nc(N(C)CCCNC(=O)C3CCCO3)nc(N)c2cc1OC,1
DILI0570,CCCc1cc(=O)[nH]c(=S)[nH]1,1
DILI0725,COc1cc(C(=O)NCc2ccc(OCCN(C)C)cc2)cc(OC)c1OC,1
DILI0649,Cc1nnc(C(C)C)n1C1CC2CCC(C1)N2CCC(NC(=O)C1CCC(F)(F)CC1)c1ccccc1,1
DILI0021,CCCCN1C(=O)C(C(O)C2CCCCC2)NC(=O)C12CCN(Cc1ccc(Oc3ccc(C(=O)O)cc3)cc1)CC2,1
DILI0427,CCCc1nn(C)c2c(=O)[nH]c(-c3cc(S(=O)(=O)N4CCN(C)CC4)ccc3OCC)nc12,1
DILI0109,C=CCNc1nc(NCC=C)nc(N2CCN(C(c3ccc(F)cc3)c3ccc(F)cc3)CC2)n1,1
DILI0550,CC12CCC3C4=C(CCC3C1CCC2O)CC(=O)CC4,1
DILI0046,CC(C)Nc1ncccn1,1
DILI1226,Cn1nnc2c(C(N)=O)ncn2c1=O,0
DILI1000,CN(C(=O)CC(=O)N(C)c1c(I)c(C(=O)NC(CO)C(O)CO)c(I)c(C(=O)NC(CO)C(O)CO)c1I)c1c(I)c(C(=O)NC(CO)C(O)CO)c(I)c(C(=O)NC(CO)C(O)CO)c1I,0
DILI0439,C=CCC1=CC(C)CC(C)CC(OC)C2OC(O)(C(=O)C(=O)N3CCCCC3C(=O)OC(C(C)=CC3CCC(O)C(OC)C3)C(C)C(O)CC1=O)C(C)CC2OC,1
DILI1072,CCC1=CC(C)CC(C)CC(OC)C2OC(O)(C(=O)C(=O)N3CCCCC3C(=O)OC(C(C)=CC3CCC(Cl)C(OC)C3)C(C)C(O)CC1=O)C(C)CC2OC,0
DILI1391,COC1(NC(O)=c2sc(=C(C(N)=O)C(=O)O)s2)C(=O)N2C(C(=O)O)=C(CSc3nnnn3C)CSC21,0
DILI0561,CC(=O)OC12COC1CC(O)C1(C)C(=O)C(=O)C3C(C)C(OC(=O)C(O)C(NC(=O)OC(C)(C)C)c4ccccc4)CC(O)(C(OC(=O)c4ccccc4)C21)C3(C)C,1
DILI0432,CC12Cc3c[nH]nc3CC1CCC1C2CCC2(C)C1CCC2(C)O,1
DILI0332,CCCCCOc1ccc(-c2cc(-c3ccc(C(=O)NC4CC(O)C(O)NC(=O)C5C(O)C(C)CN5C(=O)C(C(O)CC(N)=O)NC(=O)C(C(O)C(O)c5ccc(O)c(OS(=O)(=O)O)c5)NC(=O)C5CC(O)CN5C(=O)C(C(C)O)NC4=O)cc3)no2)cc1,1
DILI0117,CC1C=CC=CC=CC=CC=CC=CC=CC(OC2OC(C)C(O)C(N)C2O)CC2OC(O)(CC(O)CC(O)C(O)CCC(O)CC(O)CC(=O)OC(C)C(C)C1O)CC(O)C2C(=O)O,1
DILI0193,CCOC(=O)C(CCc1ccccc1)NC(C)C(=O)N(CC(=O)O)C1Cc2ccccc2C1,1
DILI0506,CC(=O)Oc1ccccc1C(=O)Nc1ncc([N+](=O)[O-])s1,1
DILI0089,CNC(CC(C)C)C(=O)NC1C(=O)NC(CC(N)=O)C(=O)NC2C(=O)NC3C(O)=NC(C(O)=NC(C(=O)O)c4cc(O)cc(O)c4-c4cc3ccc4O)C(O)c3ccc(c(Cl)c3)Oc3cc2cc(c3OC2OC(CO)C(O)C(O)C2OC2CC(C)(N)C(O)C(C)O2)Oc2ccc(cc2Cl)C1O,1
DILI1131,CCCCS(=O)(=O)NC(Cc1ccc(OCCCCC2CCNCC2)cc1)C(=O)O,0
DILI0002,O=c1[nH]c(O)cn1N=Cc1ccc(-c2ccc([N+](=O)[O-])cc2)o1,1
DILI0025,CON=C(N)c1ccc(-c2ccc(-c3ccc(C(=N)NOC)cc3)o2)cc1,1
DILI1132,Cc1cccc(Nc2ccncc2S(=O)(=O)NC(=O)NC(C)C)c1,0
DILI0838,Clc1ccc(COC(Cn2ccnc2)c2ccc(Cl)cc2Cl)cc1,0
DILI1287,Clc1ccc(COC(Cn2ccnc2)c2ccc(Cl)cc2Cl)c(Cl)c1,0
DILI1308,CN1CC(C(=O)NC2(C)OC3(O)C4CCCN4C(=O)C(Cc4ccccc4)N3C2=O)CC2c3cccc4[nH]cc(c34)CC21,0
DILI0057,CN1CCN2c3ccccc3Cc3ccccc3C2C1,1
DILI0520,FCOC(C(F)(F)F)C(F)(F)F,1
DILI0525,ClC(Cl)C(Cl)Cl,1
DILI1064,COCCOC(=O)NCCCCC(NC(=O)OCCOC)C(=O)NCCCCCOP(C)(=O)O,0
DILI0530,CS(=O)(=O)OCCCCOS(C)(=O)=O,1
DILI0029,CCCC(CCC)C(=O)O,1
DILI1109,O=P(O)(O)CN(CCN(CP(=O)(O)O)CP(=O)(O)O)CP(=O)(O)O,0
DILI0059,ClC(Cl)(Cl)Cl,1
DILI1118,CCOCCP(CCOCC)CCP(CCOCC)CCOCC,0
DILI0064,C=CCO,1
DILI0072,C=CCOC=O,1
DILI0073,NCCNCCNCCN,1
DILI0592,CCN(CC)C(=S)SSC(=S)N(CC)CC,1
DILI0594,CCC(CO)NCCNC(CC)CO,1
DILI0599,NC(O)=NO,1
DILI0090,O=C(O)C=CC(=O)O,1
DILI0091,CC(Cl)(Cl)Cl,1
DILI0092,ClCC(Cl)Cl,1
DILI0093,CN(C)N,1
DILI0094,ClC=CCCl,1
DILI0098,CC(C)[N+](=O)[O-],1
DILI0100,CC(C)(O)C#N,1
DILI1161,CCCCCCCCCCCCCCCCCCCCCCO,0
DILI0113,NCC(=O)CCC(=O)O,1
DILI1174,CCOC(=O)CC(SP(=S)(OC)OC)C(=O)OCC,0
DILI0133,ClC(Cl)Br,1
DILI0134,BrC(Br)Br,1
DILI1194,NC(N)=O,0
DILI1195,NCCCC(O)(P(=O)(O)O)P(=O)(O)O,0
DILI1198,CC(C[N+](C)(C)C)OC(N)=O,0
DILI1201,CCCC(C)(COC(N)=O)COC(=O)NC(C)C,0
DILI0676,OCC(S)CS,1
DILI1224,C[N+](C)(C)CCOC(=O)CCC(=O)OCC[N+](C)(C)C,0
DILI0172,ClC(Cl)Cl,1
DILI0701,CCCC(C)(COC(N)=O)COC(N)=O,1
DILI0189,NCCS,1
DILI1252,OCC(O)C(O)C(O)C(O)CO,0
DILI1272,NCCCNCCSP(=O)(O)O,0
DILI1277,CC(=O)N(O)CCCCCNC(=O)CCC(=O)N(O)CCCCCNC(=O)CCC(=O)N(O)CCCCCN,0
DILI1278,CC(O)(P(=O)(O)O)P(=O)(O)O,0
DILI0221,FC(F)OC(F)(F)C(F)Cl,1
DILI1285,CN(C)C(N)=NC(=N)N,0
DILI0231,CCO,1
DILI0232,C#CC(O)(C=CCl)CC,1
DILI0234,CCBr,1
DILI0235,CCCl,1
DILI0236,OCCCl,1
DILI0237,BrCCBr,1
DILI0238,ClCCCl,1
DILI1310,CC(=O)NC(CS)C(=O)O,0
DILI0783,CC(C)(CO)C(O)C(=O)NCCC(=O)O,0
DILI0261,CCOP(=O)(OCC)C(C)NC(=O)N(CCCl)N=O,1
DILI0792,CC(C)(CO)C(O)C(=O)NCCCO,0
DILI0266,O=C(O)CN(CCN(CC(=O)O)CC(=O)O)CCN(CC(=O)O)CC(=O)O,1
DILI1332,CC(C)CC(CN)CC(=O)O,0
DILI1335,CC(=O)OCC[N+](C)(C)C,0
DILI1336,NCCCCCC(=O)O,0
DILI0277,FC(F)(F)C(Cl)Br,1
DILI0810,CCCCCCCCC=CCCCCCCCC(=O)O,0
DILI0283,CCCCCN(C)CCC(O)(P(=O)(O)O)P(=O)(O)O,1
DILI0815,C[S+](C)[O-],0
DILI0817,OC(O)C(Cl)(Cl)Cl,0
DILI1346,O=C(O)P(=O)(O)O,0
DILI0820,CSCCC(N)C(=O)O,0
DILI0823,C[N+](C)(C)CC(O)CC(=O)O,0
DILI0293,FC(F)OC(Cl)C(F)(F)F,1
DILI1356,NCCC(O)(P(=O)(O)O)P(=O)(O)O,0
DILI0829,COCCNC(=O)CN(CCN(CCN(CC(=O)O)CC(=O)NCCOC)CC(=O)O)CC(=O)O,0
DILI0835,CCCCC(CC)COC(=O)CC(C(=O)OCC(CC)CCCC)S(=O)(=O)O,0
DILI0310,CNC(=O)C(NC(=O)C(CC(C)C)C(O)C(O)=NO)C(C)(C)C,1
DILI1374,N=C(N)NCCCC(N)C(=O)O,0
DILI1375,NC(CO)(CO)CO,0
DILI0855,CCSCCC(N)C(=O)O,0
DILI0321,CNC(=O)ON=C(C)SC,1
DILI0857,CC(N)=S,0
DILI0859,N#[N+]CC(=O)OCC(N)C(=O)O,0
DILI0324,COC(F)(F)C(Cl)Cl,1
DILI0325,CCl,1
DILI0860,CC(=O)NCCCS(=O)(=O)O,0
DILI0870,CC(O)C(=O)O,0
DILI0334,CCCCCCCCCCCCCCCCOP(=O)(O)OCC[N+](C)(C)C,1
DILI0336,CC(C=NN=C(N)N)=NN=C(N)N,1
DILI0337,OC(CBr)C(O)C(O)C(O)CBr,1
DILI0341,CCCCCCCC(=O)OCC(O)CO,1
DILI0878,O=C(O)CCCCCCCC(=O)O,0
DILI0343,CC(=O)N(C)C,1
DILI0344,CN(C)C=O,1
DILI0887,C[N+](C)(C)CC(=O)O,0
DILI0361,CN(C)N=O,1
DILI0900,C[N+](C)(C)CCOC(N)=O,0
DILI0384,CC(C)(S)C(N)C(=O)O,1
DILI0385,ClC(Cl)C(Cl)(Cl)Cl,1
DILI0410,CC(Cl)CCl,1
DILI0951,CCOP(=O)(OCC)SCC[N+](C)(C)C,0
DILI0952,O=C(O)CN(CCN(CC(=O)O)CC(=O)O)CC(=O)O,0
DILI0953,NCCCC(N)(C(=O)O)C(F)F,0
DILI0434,O=C(O)C(S)C(S)C(=O)O,1
DILI0977,CNC(=O)CN(CCN(CCN(CC(=O)O)CC(=O)NC)CC(=O)O)CC(=O)O,0
DILI0981,O=C(O)CCCO,0
DILI0988,N=C(N)NCCCCCCC(=O)NC(=O)C(O)NCCCCNCCCN,0
DILI0449,ClC(Cl)=C(Cl)Cl,1
DILI0457,CC(S)C(=O)NCC(=O)O,1
DILI1005,CC(C)OP(=O)(F)OC(C)C,0
DILI0466,ClC=C(Cl)Cl,1
DILI0476,C=CC(N)CCC(=O)O,1
DILI0478,C=C(Cl)Cl,1
DILI1021,NC(CCCl)CCCl,0
DILI0486,CCOCCO,1
DILI1027,O=S(=O)(O)CCS,0
DILI1029,CC(=O)OC(C)C[N+](C)(C)C,0
DILI0491,O=NN(CCCl)C(=O)NCCCl,1
DILI0496,ClCC(Br)CBr,1
DILI0498,O=[N+]([O-])OCC(O[N+](=O)[O-])C(CO[N+](=O)[O-])O[N+](=O)[O-],1
DILI0500,CC(Cl)Cl,1
DILI0502,NC(=O)CCC(N)C(=O)O,1
DILI0504,IC(I)I,1
DILI0512,FC(F)(F)C(F)(F)C(F)(F)C(F)(F)C(F)(F)C(F)(F)C(F)(F)C(F)(F)Br,1
DILI1056,O=[N+]([O-])OCC(CO[N+](=O)[O-])O[N+](=O)[O-],0
DILI1139,O=C1N(Cc2ccccc2)C2C[S+]3CCCC3C2N1Cc1ccccc1,0
DILI1210,N=C(N)NCCN1CCCCCCC1,0
DILI0399,NS(=O)(=O)c1cc(C(=O)O)cc(N2CCCC2)c1Oc1ccccc1,1
DILI1051,CCCc1c2oc(C(=O)O)cc(=O)c2cc2c(=O)cc(C(=O)O)n(CC)c12,0
DILI1058,CN(C)CCC=C1c2ccccc2COc2ccc(CC(=O)O)cc21,0
DILI0497,CN(C)CCC=C1c2ccccc2COc2ccccc21,1
DILI0548,CC12COC(=O)CC1CCC1C2CCC2(C)C1CCC2(C)O,1
DILI0713,CCCCc1c(O)n(-c2ccccc2)n(-c2ccccc2)c1=O,1
DILI1214,OC(c1cc(C(F)(F)F)nc2c(C(F)(F)F)cccc12)C1CCCCN1,0
DILI1241,CC1C(c2ccccc2)OCCN1C,0
DILI1070,CC1NCCOC1c1ccccc1,0
DILI0903,COCC1=C(C(=O)OC(C)OC(=O)OC(C)C)N2C(=O)C(=NC(=O)C(NOC)c3csc(N)n3)C2SC1,0
DILI0151,C=CC1=C(C(=O)O)N2C(=O)C(=NC(=O)C(NOCC(=O)O)c3csc(N)n3)C2SC1,1
DILI0162,Nc1nc(C(CCC(=O)O)C(=O)N=C2C(=O)N3C(C(=O)O)=CCSC23)cs1,1
DILI0932,CN(C)CC(c1ccc(O)cc1)C1(O)CCCCC1,0
DILI1368,CC[N+](C)(CC)CCOC(=O)C(O)(c1ccccc1)C1CCCCC1,0
DILI1136,CC[N+](CC)(CC)CCC(O)(c1ccccc1)C1CCCCC1,0
DILI0473,COc1ccc(C(CN(C)C)C2(O)CCCCC2)cc1,1
DILI1219,CCN(CC)CC#CCOC(=O)C(O)(c1ccccc1)C1CCCCC1,0
DILI0207,C1COCCO1,1
DILI0200,O=C(C(O)CO)C(O)C(O)COC1OC(COC2OC(CO)C(O)C(O)C2O)C(O)C(O)C1O,1
DILI0812,CC(=O)Oc1cc2c(s1)CCN(C(C(=O)C1CC1)c1ccccc1F)C2,0
DILI0633,CC(O)(CS(=O)(=O)c1ccc(F)cc1)C(=O)Nc1ccc(C#N)c(C(F)(F)F)c1,1
DILI0583,Cc1c2oc3c(C)ccc(C(=O)NC4C(=O)NC(C(C)C)C(=O)N5CCCC5C(=O)N(C)CC(=O)N(C)C(C(C)C)C(=O)OC4C)c3nc-2c(C(=O)NC2C(O)=NC(C(C)C)C(=O)N3CCCC3C(=O)N(C)CC(=O)N(C)C(C(C)C)C(=O)OC2C)c(N)c1=O,1
DILI0068,COc1cc2c(c3oc(=O)c4c(c13)CCC4=O)C1C=COC1O2,1
DILI1043,COc1cc2c(cc1OC)C(Cc1cc(OC)c(OC)c(OC)c1)[N+](C)(CCCOC(=O)CCC=CCCC(=O)OCCC[N+]1(C)CCc3cc(OC)c(OC)cc3C1Cc1cc(OC)c(OC)c(OC)c1)CC2,0
DILI0658,O=c1[nH]cnc2[nH]ncc12,1
DILI0099,COc1ccc2c(c1)c(CC(=O)OCC(=O)O)c(C)n2C(=O)c1ccc(Cl)cc1,1
DILI0694,COc1ccc2c(c1)c(CC(=O)O)c(C)n2C(=O)c1ccc(Cl)cc1,1
DILI0067,CC(=O)CC(c1ccc([N+](=O)[O-])cc1)c1c(O)c2ccccc2oc1=O,1
DILI1415,CC(=O)CC(c1ccccc1)c1c(O)c2ccccc2oc1=O,0
DILI1071,CCC(c1ccccc1)c1c(O)c2ccccc2oc1=O,0
DILI0528,CN1C2CCC1CC(OC(=O)c1c[nH]c3ccccc13)C2,1
DILI0685,NS(=O)(=O)c1cc(C(=O)O)c(NCc2ccco2)cc1Cl,1
DILI0435,O=S(=O)(O)OCC1OC(OC2(COS(=O)(=O)O)OC(OS(=O)(=O)O)C(OS(=O)(=O)O)C2OS(=O)(=O)O)C(OS(=O)(=O)O)C(OS(=O)(=O)O)C1OS(=O)(=O)O,1
DILI0877,Oc1ccc(CCCCNCC(O)c2ccc(O)c(O)c2)cc1,0
DILI0531,COc1ccc(CCN(C)CCCC(C#N)(c2ccc(OC)c(OC)c2)C(C)C)cc1OC,1
DILI0892,CC(C)CC1C(=O)N2CCCC2C2(O)OC(NC(=O)C3C=C4c5cccc6[nH]c(Br)c(c56)CC4N(C)C3)(C(C)C)C(=O)N12,0
DILI1317,CN1CCCC1CCOC(C)(c1ccccc1)c1ccc(Cl)cc1,0
DILI1334,OCC(O)c1oc(O)c(O)c1O,0
DILI1055,NC(=O)NN=Cc1ccc([N+](=O)[O-])o1,0
DILI0517,CN=C(C[N+](=O)[O-])NCCSCc1ccc(CN(C)C)o1,1
DILI0480,CC(c1ncncc1F)C(O)(Cn1cncn1)c1ccc(F)cc1F,1
DILI0220,CCOC(=O)C(CCc1ccccc1)NC(C)C(=O)N1CCCC1C(=O)O,1
DILI0772,NCCCCC(NC(CCc1ccccc1)C(=O)O)C(=O)N1CCCC1C(=O)O,1
DILI0559,C=C(c1ccc(C(=O)O)cc1)c1cc2c(cc1C)C(C)(C)CCC2(C)C,1
DILI0426,CC(C)CC(N(C)C)C1(c2ccc(Cl)cc2)CCC1,1
DILI1156,O=C1CCc2ccc(OCCCCN3CCN(c4cccc(Cl)c4Cl)CC3)cc2N1,0
DILI0766,Nc1nc(=S)c2[nH]cnc2[nH]1,1
DILI0209,c1cc[n+]2c(c1)-c1cccc[n+]1CC2,1
DILI0278,CC(=O)NC1C(O)OC(COS(=O)(=O)O)C(OC2OC(C(=O)O)C(OC3OC(CO)C(OC4OC(C(=O)O)C(O)C(O)C4OS(=O)(=O)O)C(OS(=O)(=O)O)C3NS(=O)(=O)O)C(O)C2OS(=O)(=O)O)C1O,1
DILI0179,CC(C)N=c1cc2n(-c3ccc(Cl)cc3)c3ccccc3nc-2cc1Nc1ccc(Cl)cc1,1
DILI1216,CC(C)(C(=O)c1cccnc1)c1cccnc1,0
DILI0259,CC1OC1P(=O)(O)O,1
DILI0695,O=C(c1ccccc1)c1ccc2n1CCC2C(=O)O,1
DILI0698,COC(=O)Nc1nc2cc(C(=O)c3ccccc3)ccc2[nH]1,1
DILI0400,c1cnc(N2CCN(Cc3ccc4c(c3)OCO4)CC2)nc1,1
DILI0153,COC1(NC(=O)CSCC#N)C(=O)N2C(C(=O)O)=C(CSc3nnnn3C)CSC21,1
DILI0423,CCC1OC(=O)C(C)C(OC2CC(C)(OC)C(O)C(C)O2)C(C)C(OC2OC(C)CC(N(C)C)C2O)C(C)(O)CC(C)C(=NOCOCCOC)C(C)C(O)C1(C)O,1
DILI1429,CC1CC2C3CC(F)C4=CC(=O)C=CC4(C)C3(F)C(O)CC2(C)C1(O)C(=O)CO,0
DILI0971,CC1CC2C3CC(F)C4=CC(=O)C=CC4(C)C3(F)C(O)CC2(C)C1(O)C(=O)SCF,0
DILI0940,CCCC(=O)OC1(C(=O)COC(C)=O)CCC2C3CC(F)C4=CC(=O)C=CC4(C)C3(F)C(O)CC21C,0
DILI1015,CC12C=CC(=O)C=C1CCC1C2C(O)CC2(C)C1CCC2(O)C(=O)OCCl,0
DILI0917,CC1CC2C3CC(F)C4=CC(=O)C=CC4(C)C3(Cl)C(O)CC2(C)C1C(=O)CO,0
DILI0990,CCC(=O)OC1(C(=O)CCl)C(C)CC2C3CC(F)C4=CC(=O)C=CC4(C)C3(F)C(O)CC21C,0
DILI0875,CN1CCc2cccc3c2C1Cc1ccc(O)c(O)c1-3,0
DILI0440,CC(C)(C)NCC(O)COc1ccc(NC(=O)NC2CCCCC2)cc1,1
DILI0488,CC1(C)SC2C(N=CN3CCCCCC3)C(=O)N2C1C(=O)O,1
DILI1220,CC(COc1ccccc1)N(CCCl)Cc1ccccc1,0
DILI0006,CN1Cc2c(N)cccc2C(c2ccccc2)C1,1
DILI0045,CN1c2c(oc(=O)n(-c3ccccn3)c2=O)-c2ccccc2S1(=O)=O,1
DILI0596,O=C(COc1ccc(Cl)cc1)N1CCN(Cc2ccc3c(c2)OCO3)CC1,1
DILI0717,Cc1nnc(NS(=O)(=O)c2ccc(N)cc2)s1,1
DILI0955,NC1=NCC2c3ccccc3Cc3ccccc3N12,0
DILI0219,CCOCCn1c(N2CCCN(C)CC2)nc2ccccc21,1
DILI0513,COc1ccc(OC)c(Cc2cnc3nc(N)nc(N)c3c2C)c1,1
DILI0533,Cc1ccc(-c2cc(C(F)(F)F)nn2-c2ccc(S(N)(=O)=O)cc2)cc1,1
DILI1177,c1ccc2c(CC3=NCCN3)cccc2c1,0
DILI0295,CCC(C)C1OC2(CCC1C)CC1CC(CC=C(C)C(OC3CC(OC)C(OC4CC(OC)C(O)C(C)O4)C(C)O3)C(C)C=CC=C3COC4C(O)C(C)=CC(C(=O)O1)C34O)O2,1
DILI0847,O=c1[nH]c2ccccc2n1C1CCN(CCCC(c2ccc(F)cc2)c2ccc(F)cc2)CC1,0
DILI0176,COCCOC(=O)C1=C(C)N=C(C)C(C(=O)OCC=Cc2ccccc2)C1c1cccc([N+](=O)[O-])c1,1
DILI1246,CC(C)(C)NCC(O)COc1ccccc1C1CCCC1,0
DILI0786,CCN(CC)CCOCCOC(=O)C1(c2ccccc2)CCCC1,0
DILI0566,CS(=O)(=O)CCNCc1ccc(-c2ccc3ncnc(Nc4ccc(OCc5cccc(F)c5)c(Cl)c4)c3c2)o1,1
DILI0532,NC(=O)N1c2ccccc2C=Cc2ccccc21,1
DILI1341,COc1ccc(CCN2CCC(Nc3nc4ccccc4n3Cc3ccc(F)cc3)CC2)cc1,0
DILI0192,Cc1c(O)c(=O)ccn1C,1
DILI1089,CCCOC(=O)Cn1cc(I)c(=O)c(I)c1,0
DILI1093,COc1ccccc1OCC(O)CN1CCN(CC(=O)Nc2c(C)cccc2C)CC1,0
DILI0413,CCN(CC)CCCC(C)Nc1c2ccc(Cl)cc2nc2ccc(OC)cc12,1
DILI1358,CC(C)NCC(O)COc1cccc2[nH]ccc12,0
DILI1365,CNS(=O)(=O)Cc1ccc2[nH]cc(CCN(C)C)c2c1,0
DILI1103,CCCN(CCC)CCc1cccc2[nH]c(O)cc12,0
DILI1338,COc1ccc2[nH]cc(CCNC(C)=O)c2c1,0
DILI0442,CCCCCN=C(N)NN=Cc1c[nH]c2ccc(CO)cc12,1
DILI0458,CC1CC2C3CC=C4CC(=O)C=CC4(C)C3=CCC2(C)C1C(=O)CN1CCN(c2cc(N3CCCC3)nc(N3CCCC3)n2)CC1,1
DILI0519,Cc1c(C)c(O)c(C(=CCCCCC(=O)O)c2ccccc2)c(C)c1O,1
DILI1228,OC(CCN1CCCCC1)(c1ccccc1)C1CCCCC1,0
DILI0886,CC(C=CC=C(C)C=CC1=C(C)CCCC1(C)C)=CC=CC=C(C)C=CC=C(C)C=CC1=C(C)CCCC1(C)C,0
DILI0631,CCCN(CCC)C(=O)Cc1c(-c2ccc(Cl)cc2)nc2ccc(Cl)cn12,1
DILI0485,Cc1ccc(-c2nc3ccc(C)cn3c2CC(=O)N(C)C)cc1,1
DILI0230,O=C(Cn1ccnc1[N+](=O)[O-])NCCO,1
DILI0331,Cc1ncc([N+](=O)[O-])n1CCO,1
DILI1404,CN=C(NC#N)NCCSCc1[nH]cnc1C,0
DILI0023,CN(C)N=Nc1[nH]cnc1C(N)=O,1
DILI0991,NCCc1c[nH]cn1,0
DILI1164,O=C1OC2(c3ccc(O)cc3Oc3cc(O)ccc32)c2ccccc21,0
DILI0833,COc1ccc2c3c1OC1C(=O)CCC4C(C2)N(C)CCC314,0
DILI1263,CN1CCC23c4c5ccc(O)c4OC2C(=O)CCC3C1C5,0
DILI1264,CN1CCC23c4c5ccc(O)c4OC2C(=O)CCC3(O)C1C5,0
DILI1331,COc1ccc2c3c1OC1C(=O)CCC4(O)C(C2)N(C)CCC314,0
DILI1050,C=CCN1CCC23c4c5ccc(O)c4OC2C(=O)CCC3(O)C1C5,0
DILI1189,CN1C(=O)C(O)N=C(c2ccccc2)c2cc(Cl)ccc21,0
DILI0201,CN1C(=O)CN=C(c2ccccc2)c2cc(Cl)ccc21,1
DILI0180,O=C1CN=C(c2ccccc2Cl)c2cc([N+](=O)[O-])ccc2N1,1
DILI0182,O=C(O)C1N=C(c2ccccc2)c2cc(Cl)ccc2NC1=O,1
DILI0254,CCN(CC)CCN1C(=O)CN=C(c2ccccc2F)c2cc(Cl)ccc21,1
DILI0989,O=C1CN=C(c2ccccc2)c2cc(Cl)ccc2N1CC(F)(F)F,0
DILI0444,NC(=O)n1c(O)c(C(=O)c2cccs2)c2cc(Cl)ccc21,1
DILI0729,CC(=O)SC1C=C2CC(=O)CCC2(C)C2CCC3(C)C(CCC34CCC(=O)O4)C12,1
DILI0882,Cn1c(CCCC(=O)O)nc2cc(N(CCCl)CCCl)ccc21,0
DILI0087,COC(=O)Nc1nc2ccccc2[nH]1,1
DILI0657,CCCSc1ccc2[nH]c(NC(=O)OC)nc2c1,1
DILI0080,CCCOc1ccc2[nH]c(NC(=O)OC)nc2c1,1
DILI0300,CCN=C(O)C1CCCN1C(=O)C(CCCNC(=N)N)N=C(O)C(N=C(O)C(N=C(O)C(Cc1ccc(O)cc1)NC(=O)C(CO)NC(=O)C(Cc1c[nH]c2ccccc12)NC(=O)C(Cc1cnc[nH]1)NC(=O)C1CCC(=O)N1)C(C)C)C(C)C,1
DILI0986,CC(C)CC(N=C(O)C(COC(C)(C)C)N=C(O)C(Cc1ccc(O)cc1)NC(=O)C(CO)NC(=O)C(Cc1c[nH]c2ccccc12)NC(=O)C(Cc1cnc[nH]1)NC(=O)C1CCC(=O)N1)C(O)=NC(CCCNC(=N)N)C(=O)N1CCCC1C(O)=NNC(N)=O,0
DILI0985,CC(C)CC(N=C(O)CN=C(O)C(Cc1ccc(O)cc1)NC(=O)C(CO)NC(=O)C(Cc1c[nH]c2ccccc12)NC(=O)C(Cc1cnc[nH]1)NC(=O)C1CCC(=O)N1)C(O)=NC(CCCNC(=N)N)C(=O)N1CCCC1C(O)=NCC(N)=O,0
DILI0174,CN(C)CCC=C1c2ccccc2Sc2ccc(Cl)cc21,1
DILI1102,CN(C)CCc1c[nH]c2ccc(Cn3cncn3)cc12,0
DILI0536,OCCN(CCO)c1nc(N2CCCCC2)c2nc(N(CCO)CCO)nc(N3CCCCC3)c2n1,1
DILI0374,O=C1Nc2ccccc2C1(c1ccc(O)cc1)c1ccc(O)cc1,1
DILI0040,CC(=O)Oc1ccc(C2(c3ccc(OC(C)=O)cc3)C(=O)N(C(C)=O)c3ccccc32)cc1,1
DILI0468,COc1cc(NCc2ccc3nc(N)nc(N)c3c2C)cc(OC)c1OC,1
DILI0043,O=C1Nc2ccc(Cl)cc2C(C#CC2CC2)(C(F)(F)F)O1,1
DILI0872,COc1ccc(C(=O)N2CCCC2=O)cc1,0
DILI0681,O=C(NCC1CCCCN1)c1cc(OCC(F)(F)F)ccc1OCC(F)(F)F,1
DILI0051,CCOC(=O)CNC(C(=O)N1CCC1C(=O)NCc1ccc(C(N)=NO)cc1)C1CCCCC1,1
DILI0401,COC(C(=O)C(O)C(C)O)C1Cc2cc3cc(OC4CC(OC5CC(O)C(O)C(C)O5)C(O)C(C)O4)c(C)c(O)c3c(O)c2C(=O)C1OC1CC(OC2CC(OC3CC(C)(O)C(O)C(C)O3)C(O)C(C)O2)C(O)C(C)O1,1
DILI0925,Cc1ccccc1N1CCN(CCc2nnc3n2CCCC3)CC1,0
DILI1038,CC(=O)Nc1c(I)c(C(=O)NC2C(O)OC(CO)C(O)C2O)c(I)c(N(C)C(C)=O)c1I,0
DILI1019,OC1(c2ccc(Cl)cc2)c2ccccc2C2=NCCN21,0
DILI0913,Nc1ccn(CC(CO)OCP(=O)(O)O)c(=O)n1,0
DILI0682,Nc1[nH]c(=O)ncc1F,1
DILI1314,CNC1C(OC2C(OC3C(O)C(O)C(N=C(N)N)C(O)C3N=C(N)N)OC(C)C2(O)C=O)OC(CO)C(O)C1O,0
DILI1108,OCc1cc(C(O)CNCCCCCCOCCCCc2ccccc2)ccc1O,0
DILI0368,OCCN1CCN(CCCN2c3ccccc3C=Cc3ccccc32)CC1,1
DILI0459,Clc1ccc2nsnc2c1NC1=NCCN1,1
DILI1427,CC(C)(O)c1ccccc1CCC(SCC1(CC(=O)O)CC1)c1cccc(C=Cc2ccc3ccc(Cl)cc3n2)c1,0
DILI0805,COc1cc(CC2c3c(cc(OC)c(OC)c3OC)CC[N+]2(C)CCCOC(=O)CCC(=O)OCCC[N+]2(C)CCc3cc(OC)c(OC)c(OC)c3C2Cc2cc(OC)c(OC)c(OC)c2)cc(OC)c1OC,0
DILI0228,CC(O)C1C(=O)N2C(C(=O)O)=C(SC3CNC(C(=O)Nc4cccc(C(=O)O)c4)C3)C(C)C12,1
DILI0995,CC1(C)C(=CC=CC=CC=CC2=[N+](CCCCS(=O)(=O)O)c3ccc4ccccc4c3C2(C)C)N(CCCCS(=O)(=O)O)c2ccc3ccccc3c21,0
DILI0035,CN1CCCC(CN2c3ccccc3Sc3ccccc32)C1,1
DILI0425,Clc1ccc(C(Cn2ccnc2)OCc2csc3c(Cl)cccc23)c(Cl)c1,1
DILI0578,COC1C=COC2(C)Oc3c(C)c(O)c4c(O)c(c(C=NN5CCN(C)CC5)c(O)c4c3C2=O)NC(=O)C(C)=CC=CC(C)C(O)C(C)C(O)C(C)C(OC(C)=O)C1C,1
DILI1284,CN(C)C(=O)C(CCN1CCC(O)(c2ccc(Cl)cc2)CC1)(c1ccccc1)c1ccccc1,0
DILI1312,CCOC(=O)C1(c2ccccc2)CCN(CCC(C#N)(c2ccccc2)c2ccccc2)CC1,0
DILI0033,CC1(C)NC(=O)N(c2ccc([N+](=O)[O-])c(C(F)(F)F)c2)C1=O,1
DILI0898,C=C1C(=CC=C2CCCC3(C)C2CCC3C(C)C=CC(O)C2CC2)CC(O)CC1O,0
DILI0462,CN(C)CCOc1ccc(C(=C(CCCl)c2ccccc2)c2ccccc2)cc1,1
DILI0765,CCN(CC)CCOc1ccc(C(=C(Cl)c2ccccc2)c2ccccc2)cc1,1
DILI0907,COc1ccc(C(Cl)=C(c2ccc(OC)cc2)c2ccc(OC)cc2)cc1,0
DILI0572,CCC(=C(c1ccccc1)c1ccc(OCCN(C)C)cc1)c1ccccc1,1
DILI0216,CCC(=C(c1ccc(OCCN(C)C)cc1)c1cccc(O)c1)c1ccccc1,1
DILI0139,O=C1CCCCCN1,1
DILI0112,O=C(O)CCCCCCNC1c2ccccc2CCc2ccccc21,1
DILI0377,CC(=O)OC1CC2CCC3C(CCC4(C)C3CC([N+]3(C)CCCCC3)C4OC(C)=O)C2(C)CC1[N+]1(C)CCCCC1,1
DILI1321,CC(C)(C)NC(=O)C1CCC2C3CCC4NC(=O)C=CC4(C)C3CCC12C,0
DILI1304,CC1(C)SC2C(NC(=O)COc3ccccc3)C(=O)N2C1C(=O)O,0
DILI1274,CC(Cc1ccccc1)N(C)Cc1ccccc1,0
DILI0843,OCC1OC(OC2C(CO)OC(O)C(O)C2O)C(O)C(O)C1O,0
DILI0576,CCOC(=O)C(CCc1ccccc1)NC1CCc2ccccc2N(CC(=O)O)C1=O,1
DILI0804,CC1OC(OC2C(O)CC(OC3C(O)CC(OC4CCC5(C)C(CCC6C5CC(O)C5(C)C(C7=CC(=O)OC7)CCC65O)C4)OC3C)OC2C)CC(O)C1O,0
DILI0941,CC1OC(OC2C(O)CC(OC3C(O)CC(OC4CCC5(C)C(CCC6C5CCC5(C)C(C7=CC(=O)OC7)CCC65O)C4)OC3C)OC2C)CC(O)C1O,0
DILI0555,COc1ccc(C2Sc3ccccc3N(CCN(C)C)C(=O)C2OC(C)=O)cc1,1
DILI1010,CC1CN(C2CCC(C#N)(c3ccc(F)cc3)CC2)CCC1(C(=O)O)c1ccccc1,0
DILI1154,CN(C)CCc1c[nH]c2ccc(CC3COC(=O)N3)cc12,0
DILI0347,CC(C)C1CCC(C(=O)NC(Cc2ccccc2)C(=O)O)CC1,1
DILI0844,O=[N+]([O-])OC1COC2C(O[N+](=O)[O-])COC12,0
DILI0625,CC(C(=O)O)c1ccc2oc(-c3ccc(Cl)cc3)nc2c1,1
DILI0762,COCc1c(-c2ccc(F)cc2)c(=CCC(O)CC(O)CC(=O)O)c(C(C)C)nc1=C(C)C,1
DILI0929,CC1OC(OC2CCC3(C)C(CCC4C3CC(O)C3(C)C(C5=CC(=O)OC5)CCC43O)C2)CC(O)C1OC1CC(O)C(OC2CC(O)C(OC3OC(CO)C(O)C(O)C3O)C(C)O2)C(C)O1,0
DILI0618,C#CC1(O)CCC2C3CCC4=Cc5oncc5CC4(C)C3CCC21C,1
DILI0003,O=C(OCC(O)CO)c1ccccc1Nc1ccnc2cc(Cl)ccc12,1
DILI0659,CCN(CC)Cc1cc(Nc2ccnc3cc(Cl)ccc23)ccc1O,1
DILI1418,Fc1ccc(C2CCNCC2COc2ccc3c(c2)OCO3)cc1,0
DILI0247,CC(C=CC1=C(C)CCCC1(C)C)=CC=CC(C)=CC(=O)Nc1ccc(O)cc1,1
DILI0956,CCCCCC(O)C=CC1C(O)CC2OC(=CCCCC(=O)O)CC21,0
DILI1181,O=C1CCCC(=O)C1C(=O)c1ccc(C(F)(F)F)cc1[N+](=O)[O-],0
DILI0317,CN1CCC(CN2c3ccccc3Sc3ccccc32)C1,1
DILI0806,CC(O)CN1CCN(CC(=O)O)CCN(CC(=O)O)CCN(CC(=O)O)CC1,0
DILI0935,CC12CCCCCC(Cc3ccc(O)cc31)C2N,0
DILI0924,NS(=O)(=O)c1cc2c(cc1Cl)NC(C1CC3C=CC1C3)NS2(=O)=O,0
DILI0381,CCn1cc(C(=O)O)c(=O)c2cc(F)c(N3CCN(C)CC3)cc21,1
DILI0696,CCn1cc(C(=O)O)c(=O)c2cc(F)c(N3CCNC(C)C3)c(F)c21,1
DILI0607,CCn1cc(C(=O)O)c(=O)c2cc(F)c(N3CCNCC3)cc21,1
DILI0249,CN1CCN(c2c(F)cc3c(=O)c(C(=O)O)cn(CCF)c3c2F)CC1,1
DILI0366,O=C(O)c1cc(N=Nc2ccc(O)c(C(=O)O)c2)ccc1O,1
DILI0881,O=C(O)CCNC(=O)c1ccc(N=Nc2ccc(O)c(C(=O)O)c2)cc1,0
DILI0380,CN(C)c1ccc(N=Nc2ccccc2)cc1,1
DILI1399,C=C1CCC2(O)C3Cc4ccc(O)c5c4C2(CCN3CC2CC2)C1O5,0
DILI0018,Cc1nc([N+](=O)[O-])cn1-c1ccc([N+](=O)[O-])cc1,1
DILI1033,COc1ccc2c(c1)N(CC(C)CN(C)C)c1ccccc1S2,0
DILI0527,CN(C)CCCN1c2ccccc2Sc2ccc(C(F)(F)F)cc21,1
DILI1361,CC(CN1c2ccccc2Sc2ccccc21)N(C)C,0
DILI0666,CN(C)CCCN1c2ccccc2Sc2ccc(Cl)cc21,1
DILI0467,CC(CN(C)C)CN1c2ccccc2Sc2ccccc21,1
DILI0408,CN(C)CCCN1c2ccccc2Sc2ccccc21,1
DILI1088,CCC(=O)c1ccc2c(c1)N(CC(C)N(C)C)c1ccccc1S2,0
DILI0063,c1ccc2c(c1)Nc1ccccc1S2,1
DILI1059,Clc1ccc(CON=C(Cn2ccnc2)c2ccc(Cl)cc2Cl)c(Cl)c1,0
DILI0726,COc1cc(Cc2cnc(N)nc2N)cc(OC)c1OC,1
DILI0960,Clc1ccc2c(c1)C(c1ccccc1)=NCc1nncn1-2,0
DILI0110,Cc1nnc2n1-c1ccc(Cl)cc1C(c1ccccc1)=NC2,1
DILI0465,Cc1nnc2n1-c1ccc(Cl)cc1C(c1ccccc1Cl)=NC2,1
DILI0395,CCN1CCN(C(=O)NC(C(=O)NC2C(=O)N3C2SC(C)(C)C3C(=O)O)c2ccccc2)C(=O)C1=O,1
DILI1206,O=C(CCCN1CC=C(n2c(=O)[nH]c3ccccc32)CC1)c1ccc(F)cc1,0
DILI0937,O=c1c(Cc2c(O)oc3ccccc3c2=O)c(O)oc2ccccc12,0
DILI0273,COc1ccc(Cl)cc1C(=O)NCCc1ccc(S(=O)(=O)NC(=O)NC2CCCCC2)cc1,1
DILI1120,CC(C)(C)NCC(O)COc1cccc2c1SCCC2,0
DILI0205,NNc1nnc(NN)c2ccccc12,1
DILI0281,NNc1nncc2ccccc12,1
DILI1370,CCC1C(=O)OCC1Cc1cncn1C,0
DILI1417,NC(=O)c1ncn(C2OC(CO)C(O)C2O)n1,0
DILI1296,CCc1nc(N)nc(N)c1-c1ccc(Cl)cc1,0
DILI0391,O=C1c2ccccc2C(=O)C1c1ccccc1,1
DILI0873,COc1ccc(C2C(=O)c3ccccc3C2=O)cc1,0
DILI0155,O=C(O)C1=C(CSc2nnnn2CS(=O)(=O)O)CSC2C(NC(=O)C(O)c3ccccc3)C(=O)N12,1
DILI0156,NCc1ccccc1CC(=O)NC1C(=O)N2C(C(=O)O)=C(CSc3nnnn3CC(=O)O)CSC12,1
DILI0763,Cn1nnnc1SCC1=C(C(=O)O)N2C(=O)C(NC(=O)C(O)c3ccccc3)C2SC1,1
DILI0539,N#Cc1ccc(C(c2ccc(C#N)cc2)n2cncn2)cc1,1
DILI0641,N=C(N)N=c1[nH]c(CSCCN=CNS(=O)(=O)c2ccc(Br)cc2)cs1,1
DILI0081,COc1ccc(CC(N)C(=O)NC2C(CO)OC(n3cnc4c(N(C)C)ncnc43)C2O)cc1,1
DILI0144,CC(C(=O)O)c1ccc2c(c1)[nH]c1ccc(Cl)cc12,1
DILI0737,Cc1onc(-c2ccccc2Cl)c1C(=O)NC1C(=O)N2C1SC(C)(C)C2C(=O)O,1
DILI0069,Cc1onc(-c2c(Cl)cccc2Cl)c1C(=O)NC1C(=O)N2C1SC(C)(C)C2C(=O)O,1
DILI0370,Cc1onc(-c2ccccc2)c1C(=O)NC1C(=O)N2C1SC(C)(C)C2C(=O)O,1
DILI0501,Cc1onc(-c2c(F)cccc2Cl)c1C(=O)NC1C(=O)N2C1SC(C)(C)C2C(=O)O,1
DILI0771,CON=C(C(=O)NC1C(=O)N2C(C(=O)O)=C(CSc3nc(=O)c(=O)[nH]n3C)CSC12)c1csc(N)n1,1
DILI0652,O=C(O)c1ccc(-n2nc(-c3ccccc3O)nc2-c2ccccc2O)cc1,1
DILI1011,CN1CCC23CCCCC2C1Cc1ccc(O)cc13,0
DILI1266,COc1ccc2c(c1)C13CCCCC1C(C2)N(C)CC3,0
DILI0562,CC1COc2c(N3CCN(C)CC3)c(F)cc3c(=O)c(C(=O)O)cn1c23,1
DILI0697,CCCCc1nc(Cl)c(CO)n1Cc1ccc(-c2ccccc2-c2nn[nH]n2)cc1,1
DILI1324,CN(CCOc1ccc(NS(C)(=O)=O)cc1)CCc1ccc(NS(C)(=O)=O)cc1,0
DILI1349,CC(COc1ccccc1)NC(C)C(O)c1ccc(O)cc1,0
DILI1326,CCOc1ccccc1OCCNC(C)Cc1ccc(OC)c(S(N)(=O)=O)c1,0
DILI0138,CCOc1nc2cccc(C(=O)OC(C)OC(=O)OC3CCCCC3)c2n1Cc1ccc(-c2ccccc2-c2nn[nH]n2)cc1,1
DILI0285,CCOC(=O)C(CCc1ccccc1)NC(C)C(=O)N1C(=O)N(C)CC1C(=O)O,1
DILI0645,C=C1C(CO)C(O)CC1n1cnc2c(=O)[nH]c(N)nc21,1
DILI0928,COC(=O)C1C2CC3c4[nH]c5ccccc5c4CCN3CC2CC(OC(=O)c2cc(OC)c(OC)c(OC)c2)C1OC,0
DILI1097,COC(=O)C1C2CC3c4[nH]c5cc(OC)ccc5c4CCN3CC2CC(OC(=O)c2cc(OC)c(OC)c(OC)c2)C1OC,0
DILI0376,O=C1c2cccc3c2C(CCC3)CN1C1CN2CCC1CC2,1
DILI0785,Cc1ncc(C[n+]2csc(CCO)c2C)c(N)n1,0
DILI0194,CC(C)Nc1cccnc1N1CCN(C(=O)c2cc3cc(NS(C)(=O)=O)ccc3[nH]2)CC1,1
DILI1009,CC(C)OC(=O)CCCC=CCC1C(O)CC(O)C1CCC(O)CCc1ccccc1,0
DILI0318,C1N2CN3CN1CN(C2)C3,1
DILI1035,C[N+]1(CC2CC2)CCC23c4c5ccc(O)c4OC2C(=O)CCC3(O)C1C5,0
DILI0437,Cc1noc(NS(=O)(=O)c2ccc(N)cc2)c1C,1
DILI0367,Cc1nccn1CC1CCc2c(c3ccccc3n2C)C1=O,1
DILI0879,CN1CCCC(n2nc(Cc3ccc(Cl)cc3)c3ccccc3c2=O)CC1,0
DILI1192,CC12CCC3C(CCC45OC4C(=O)C(C#N)CC35C)C1CCC2O,0
DILI0702,CN1CCCCC1CCN1c2ccccc2Sc2ccc([S+](C)[O-])cc21,1
DILI0526,CSc1ccc2c(c1)N(CCC1CCCCN1C)c1ccccc1S2,1
DILI1184,O=C1CN=C(c2ccccc2)c2cc(Cl)ccc2N1CC1CC1,0
DILI0389,OCCN1CCN(CCCN2c3ccccc3Sc3ccc(Cl)cc32)CC1,1
DILI0101,CC(=O)c1ccc2c(c1)N(CCCN1CCN(CCO)CC1)c1ccccc1S2,1
DILI0723,CN1CCN(CCCN2c3ccccc3Sc3ccc(C(F)(F)F)cc32)CC1,1
DILI0253,OCCN1CCN(CCCN2c3ccccc3Sc3ccc(C(F)(F)F)cc32)CC1,1
DILI0715,CN1CCN(CCCN2c3ccccc3Sc3ccc(Cl)cc32)CC1,1
DILI0387,CN1CCN(CCCN2c3ccccc3Sc3ccccc32)CC1,1
DILI0452,CCSc1ccc2c(c1)N(CCCN1CCN(C)CC1)c1ccccc1S2,1
DILI1185,CNC(=O)c1cnn(-c2nc(N)c3ncn(C4OC(CO)C(O)C4O)c3n2)c1,0
DILI0084,CC(CCC(=O)O)C1CCC2C3CCC4CC(O)CCC4(C)C3CCC12C,1
DILI0077,CC(CCC(=O)NCCS(=O)(=O)O)C1CCC2C3C(O)CC4CC(O)CCC4(C)C3CCC12C,1
DILI0743,CC(CCC(=O)O)C1CCC2C3C(O)CC4CC(O)CCC4(C)C3CCC12C,1
DILI0105,COc1ccc(C=C2CCCN=C2c2cccnc2)c(OC)c1,1
DILI0010,O=C(O)Cc1csc(-c2ccc(Cl)cc2)n1,1
DILI1371,CNC(=O)Oc1ccc2c(c1)C1(C)CCN(C)C1N2C,0
DILI0350,CCNC1CC(N)C(OC2OC(CN)=CCC2N)C(O)C1OC1OCC(C)(O)C(NC)C1O,1
DILI0954,CN1CCCC1Cc1c[nH]c2ccc(CCS(=O)(=O)c3ccccc3)cc12,0
DILI0024,O=c1[nH]c(O)cn1N=Cc1ccc([N+](=O)[O-])o1,1
DILI0537,CCc1cccc2c3c([nH]c12)C(CC)(CC(=O)O)OCC3,1
DILI1117,CCOC(=O)c1ccc(C#Cc2ccc3c(c2)C(C)(C)CCS3)nc1,0
DILI0342,COc1c(C)c2c(c(O)c1CC=C(C)CCC(=O)O)C(=O)OC2,1
DILI0386,N=C(N)c1ccc(OCCCCCOc2ccc(C(=N)N)cc2)cc1,1
DILI0177,CCn1nc(C(=O)O)c(=O)c2cc3c(cc21)OCO3,1
DILI0741,COC1C(OC(N)=O)C(O)C(Oc2ccc3c(=O)c(NC(=O)c4ccc(O)c(CC=C(C)C)c4)c(O)oc3c2C)OC1(C)C,1
DILI0885,NS(=O)(=O)c1cc2c(cc1Cl)N=C(CSCc1ccccc1)NS2(=O)=O,0
DILI0716,Cc1nc2n(c(=O)c1CCN1CCC(c3noc4cc(F)ccc34)CC1)CCCC2,1
DILI1325,Cc1nc2n(c(=O)c1CCN1CCC(c3noc4cc(F)ccc34)CC1)CCCC2O,0
DILI1319,COc1ccc(CC2c3cc(OC)c(OC)cc3CC[N+]2(C)CCC(=O)OCCCCCOC(=O)CC[N+]2(C)CCc3cc(OC)c(OC)cc3C2Cc2ccc(OC)c(OC)c2)cc1OC,0
DILI1135,CCCCCC(O)CCC1C(O)CC2Cc3c(cccc3OCC(=O)O)CC21,0
DILI0489,CCCCCOc1ccc(-c2ccc(-c3ccc(C(=O)NC4CC(O)C(O)NC(=O)C5C(O)C(C)CN5C(=O)C(C(C)O)NC(=O)C(C(O)C(O)c5ccc(O)cc5)NC(=O)C5CC(O)CN5C(=O)C(C(C)O)NC4=O)cc3)cc2)cc1,1
DILI0299,Nc1cccc2c1CN(C1CCC(=O)NC1=O)C2=O,1
DILI1390,COC1(NC(=O)C(C(=O)O)c2ccc(O)cc2)C(=O)N2C(C(=O)O)=C(CSc3nnnn3C)COC21,0
DILI1175,C[N+]1(C)C2CC(OC(=O)C(CO)c3ccccc3)CC1C1OC12,0
DILI1200,CN(C)CCOC(c1ccc(Cl)cc1)c1ccccn1,0
DILI1205,CN(C)CCOC(C)(c1ccccc1)c1ccccn1,0
DILI1243,CN(C)CCC(c1ccc(Br)cc1)c1ccccn1,0
DILI1245,CN(C)CCC(c1ccc(Cl)cc1)c1ccccn1,0
DILI0677,CC(C)N(CCC(C(N)=O)(c1ccccc1)c1ccccn1)C(C)C,1
DILI0901,CCCCCC(C)(O)C=CC1C(O)CC(O)C1CC=CCCCC(=O)O,0
DILI0942,CCCCCC(O)C=CC1C(O)CC(O)C1CC=CCCCC(=O)O,0
DILI1145,CCCCCCCC(=O)CCC1C(O)CC(O)C1CC=CCCCC(=O)O,0
DILI1153,CC(=O)NC1C(N=C(N)N)C=C(C(=O)O)OC1C(O)C(O)CO,0
DILI0248,O=C(O)Cc1sc(-c2ccccc2)nc1-c1ccc(Cl)cc1,1
DILI0938,CC=C(C(=CC)c1ccc(O)cc1)c1ccc(O)cc1,0
DILI0789,CC(C)(C(=O)O)c1ccc(C(O)CCCN2CCC(C(O)(c3ccccc3)c3ccccc3)CC2)cc1,0
DILI1366,CC(C)(C)c1ccc(C(O)CCCN2CCC(C(O)(c3ccccc3)c3ccccc3)CC2)cc1,0
DILI0190,Cc1nc(Nc2ncc(C(=O)Nc3c(C)cccc3Cl)s2)cc(N2CCN(CCO)CC2)n1,1
DILI0186,CN(C)CCC=C1c2ccccc2C=Cc2ccccc21,1
DILI0914,CC(NCCCc1cccc(C(F)(F)F)c1)c1cccc2ccccc12,0
DILI0102,CCC1(O)CC(OC2CC(N(C)C)C(OC3CC(O)C(OC4CCC(=O)C(C)O4)C(C)O3)C(C)O2)c2c(cc3c(c2O)C(=O)c2c(O)cccc2C3=O)C1C(=O)OC,1
